path,label,prob_fake,hard_type,hard_weight,source
data_image_train\Fake\Celeb-synthesis_id60_id5_0000.mp4_f0.jpg,1,0.2593615651130676,hard_fake_false_negative_risk,2.5,Celeb-DF
data_image_train\Fake\Celeb-synthesis_id25_id28_0000.mp4_f0.jpg,1,0.3799045979976654,hard_fake_false_negative_risk,2.5,Celeb-DF
data_image_train\Fake\Celeb-synthesis_id25_id26_0000.mp4_f0.jpg,1,0.3799045979976654,hard_fake_false_negative_risk,2.5,Celeb-DF
data_image_train\Fake\Celeb-synthesis_id25_id23_0000.mp4_f0.jpg,1,0.3799045979976654,hard_fake_false_negative_risk,2.5,Celeb-DF
data_image_train\Fake\Celeb-synthesis_id32_id34_0002.mp4_f1.jpg,1,0.4421585500240326,hard_fake_false_negative_risk,2.5,Celeb-DF
data_dfdc_test\bourlmzsio_f2.jpg,1,0.19355161488056183,hard_fake_false_negative_risk,2.5,DFDC
data_dfdc_test\dzieklokdr_f4.jpg,1,0.2080783247947693,hard_fake_false_negative_risk,2.5,DFDC
data_dfdc_test\avgiuextiz_f1.jpg,1,0.27847084403038025,hard_fake_false_negative_risk,2.5,DFDC
data_dfdc_test\dxuliowugt_f1.jpg,1,0.29386383295059204,hard_fake_false_negative_risk,2.5,DFDC
data_dfdc_test\etmcruaihe_f2.jpg,1,0.3585618734359741,hard_fake_false_negative_risk,2.5,DFDC
data_dfdc_test\bourlmzsio_f4.jpg,1,0.43390074372291565,hard_fake_false_negative_risk,2.5,DFDC
data_dfdc_test\emgjphonqb_f2.jpg,1,0.4820857346057892,hard_fake_false_negative_risk,2.5,DFDC
data_dfdc_test\dxuliowugt_f4.jpg,1,0.4837155044078827,hard_fake_false_negative_risk,2.5,DFDC
data_image_train\Fake\FF_fake_Face2Face_419_824_f0.jpg,1,0.053308822214603424,hard_fake_false_negative_risk,2.5,FaceForensics++
data_image_train\Fake\FF_fake_Face2Face_824_419_f1.jpg,1,0.07726849615573883,hard_fake_false_negative_risk,2.5,FaceForensics++
data_image_train\Fake\FF_fake_NeuralTextures_824_419_f1.jpg,1,0.08062119781970978,hard_fake_false_negative_risk,2.5,FaceForensics++
data_image_train\Fake\FF_fake_Face2Face_824_419_f3.jpg,1,0.08369725942611694,hard_fake_false_negative_risk,2.5,FaceForensics++
data_image_train\Fake\FF_fake_FaceSwap_604_703_f0.jpg,1,0.08465161919593811,hard_fake_false_negative_risk,2.5,FaceForensics++
data_image_train\Fake\FF_fake_NeuralTextures_880_135_f2.jpg,1,0.08817903697490692,hard_fake_false_negative_risk,2.5,FaceForensics++
data_image_train\Fake\FF_fake_NeuralTextures_824_419_f4.jpg,1,0.09601586312055588,hard_fake_false_negative_risk,2.5,FaceForensics++
data_image_train\Fake\FF_fake_NeuralTextures_824_419_f2.jpg,1,0.09674347192049026,hard_fake_false_negative_risk,2.5,FaceForensics++
data_image_train\Fake\FF_fake_FaceShifter_873_872_f2.jpg,1,0.10129256546497345,hard_fake_false_negative_risk,2.5,FaceForensics++
data_image_train\Fake\FF_fake_FaceShifter_451_449_f1.jpg,1,0.10421890765428543,hard_fake_false_negative_risk,2.5,FaceForensics++
data_image_train\Fake\FF_fake_Face2Face_824_419_f2.jpg,1,0.1066463366150856,hard_fake_false_negative_risk,2.5,FaceForensics++
data_image_train\Fake\FF_fake_Deepfakes_880_135_f3.jpg,1,0.10753211379051208,hard_fake_false_negative_risk,2.5,FaceForensics++
data_image_train\Fake\FF_fake_FaceSwap_880_135_f4.jpg,1,0.10834554582834244,hard_fake_false_negative_risk,2.5,FaceForensics++
data_image_train\Fake\FF_fake_Face2Face_880_135_f1.jpg,1,0.10869238525629044,hard_fake_false_negative_risk,2.5,FaceForensics++
data_image_train\Fake\FF_fake_NeuralTextures_770_791_f3.jpg,1,0.10904344916343689,hard_fake_false_negative_risk,2.5,FaceForensics++
data_image_train\Fake\FF_fake_FaceShifter_873_872_f1.jpg,1,0.12420457601547241,hard_fake_false_negative_risk,2.5,FaceForensics++
data_image_train\Fake\FF_fake_FaceSwap_281_474_f4.jpg,1,0.12535187602043152,hard_fake_false_negative_risk,2.5,FaceForensics++
data_image_train\Fake\FF_fake_NeuralTextures_893_913_f1.jpg,1,0.1286712884902954,hard_fake_false_negative_risk,2.5,FaceForensics++
data_image_train\Fake\FF_fake_NeuralTextures_235_194_f2.jpg,1,0.13015130162239075,hard_fake_false_negative_risk,2.5,FaceForensics++
data_image_train\Fake\FF_fake_NeuralTextures_038_125_f4.jpg,1,0.13039448857307434,hard_fake_false_negative_risk,2.5,FaceForensics++
data_image_train\Fake\FF_fake_FaceShifter_720_672_f3.jpg,1,0.13205066323280334,hard_fake_false_negative_risk,2.5,FaceForensics++
data_image_train\Fake\FF_fake_NeuralTextures_481_469_f1.jpg,1,0.132964089512825,hard_fake_false_negative_risk,2.5,FaceForensics++
data_image_train\Fake\FF_fake_NeuralTextures_702_612_f0.jpg,1,0.13443362712860107,hard_fake_false_negative_risk,2.5,FaceForensics++
data_image_train\Fake\FF_fake_FaceShifter_427_637_f1.jpg,1,0.13570331037044525,hard_fake_false_negative_risk,2.5,FaceForensics++
data_image_train\Fake\FF_fake_NeuralTextures_063_041_f1.jpg,1,0.13663245737552643,hard_fake_false_negative_risk,2.5,FaceForensics++
data_image_train\Fake\FF_fake_FaceShifter_673_728_f1.jpg,1,0.13718797266483307,hard_fake_false_negative_risk,2.5,FaceForensics++
data_image_train\Fake\FF_fake_NeuralTextures_039_058_f4.jpg,1,0.1380290687084198,hard_fake_false_negative_risk,2.5,FaceForensics++
data_image_train\Fake\FF_fake_Face2Face_099_295_f0.jpg,1,0.1409510374069214,hard_fake_false_negative_risk,2.5,FaceForensics++
data_image_train\Fake\FF_fake_NeuralTextures_824_419_f3.jpg,1,0.146051824092865,hard_fake_false_negative_risk,2.5,FaceForensics++
data_image_train\Fake\FF_fake_NeuralTextures_240_290_f2.jpg,1,0.14611686766147614,hard_fake_false_negative_risk,2.5,FaceForensics++
data_image_train\Fake\FF_fake_FaceSwap_880_135_f3.jpg,1,0.14632748067378998,hard_fake_false_negative_risk,2.5,FaceForensics++
data_image_train\Fake\FF_fake_NeuralTextures_756_503_f4.jpg,1,0.15019670128822327,hard_fake_false_negative_risk,2.5,FaceForensics++
data_image_train\Fake\FF_fake_FaceShifter_392_339_f4.jpg,1,0.150199756026268,hard_fake_false_negative_risk,2.5,FaceForensics++
data_image_train\Fake\FF_fake_NeuralTextures_538_493_f3.jpg,1,0.15106160938739777,hard_fake_false_negative_risk,2.5,FaceForensics++
data_image_train\Fake\FF_fake_NeuralTextures_538_493_f1.jpg,1,0.15216606855392456,hard_fake_false_negative_risk,2.5,FaceForensics++
data_image_train\Fake\FF_fake_FaceSwap_880_135_f1.jpg,1,0.15617252886295319,hard_fake_false_negative_risk,2.5,FaceForensics++
data_image_train\Fake\FF_fake_Face2Face_824_419_f4.jpg,1,0.15669912099838257,hard_fake_false_negative_risk,2.5,FaceForensics++
data_image_train\Fake\FF_fake_NeuralTextures_756_503_f0.jpg,1,0.15715301036834717,hard_fake_false_negative_risk,2.5,FaceForensics++
data_image_train\Fake\FF_fake_NeuralTextures_058_039_f4.jpg,1,0.16095377504825592,hard_fake_false_negative_risk,2.5,FaceForensics++
data_image_train\Fake\FF_fake_NeuralTextures_339_392_f3.jpg,1,0.16279560327529907,hard_fake_false_negative_risk,2.5,FaceForensics++
data_image_train\Fake\FF_fake_FaceShifter_038_125_f1.jpg,1,0.17040474712848663,hard_fake_false_negative_risk,2.5,FaceForensics++
data_image_train\Fake\FF_fake_FaceSwap_880_135_f0.jpg,1,0.17057958245277405,hard_fake_false_negative_risk,2.5,FaceForensics++
data_image_train\Fake\FF_fake_NeuralTextures_095_053_f0.jpg,1,0.17234447598457336,hard_fake_false_negative_risk,2.5,FaceForensics++
data_image_train\Fake\FF_fake_NeuralTextures_235_194_f1.jpg,1,0.17278829216957092,hard_fake_false_negative_risk,2.5,FaceForensics++
data_image_train\Fake\FF_fake_Deepfakes_880_135_f0.jpg,1,0.17387674748897552,hard_fake_false_negative_risk,2.5,FaceForensics++
data_image_train\Fake\FF_fake_NeuralTextures_004_982_f1.jpg,1,0.17603623867034912,hard_fake_false_negative_risk,2.5,FaceForensics++
data_image_train\Fake\FF_fake_NeuralTextures_235_194_f4.jpg,1,0.1765783429145813,hard_fake_false_negative_risk,2.5,FaceForensics++
data_image_train\Fake\FF_fake_NeuralTextures_174_964_f3.jpg,1,0.1792791187763214,hard_fake_false_negative_risk,2.5,FaceForensics++
data_image_train\Fake\FF_fake_FaceShifter_447_431_f3.jpg,1,0.17933085560798645,hard_fake_false_negative_risk,2.5,FaceForensics++
data_image_train\Fake\FF_fake_NeuralTextures_626_562_f3.jpg,1,0.18309950828552246,hard_fake_false_negative_risk,2.5,FaceForensics++
data_image_train\Fake\FF_fake_FaceShifter_759_755_f1.jpg,1,0.18413887917995453,hard_fake_false_negative_risk,2.5,FaceForensics++
data_image_train\Fake\FF_fake_NeuralTextures_770_791_f2.jpg,1,0.1856212466955185,hard_fake_false_negative_risk,2.5,FaceForensics++
data_image_train\Fake\FF_fake_NeuralTextures_047_862_f4.jpg,1,0.18595579266548157,hard_fake_false_negative_risk,2.5,FaceForensics++
data_image_train\Fake\FF_fake_FaceSwap_586_223_f1.jpg,1,0.1871110051870346,hard_fake_false_negative_risk,2.5,FaceForensics++
data_image_train\Fake\FF_fake_NeuralTextures_763_930_f0.jpg,1,0.18803490698337555,hard_fake_false_negative_risk,2.5,FaceForensics++
data_image_train\Fake\FF_fake_NeuralTextures_060_088_f3.jpg,1,0.18877947330474854,hard_fake_false_negative_risk,2.5,FaceForensics++
data_image_train\Fake\FF_fake_NeuralTextures_756_503_f1.jpg,1,0.18964937329292297,hard_fake_false_negative_risk,2.5,FaceForensics++
data_image_train\Fake\FF_fake_NeuralTextures_702_612_f2.jpg,1,0.190545454621315,hard_fake_false_negative_risk,2.5,FaceForensics++
data_image_train\Fake\FF_fake_FaceShifter_497_403_f0.jpg,1,0.1929117888212204,hard_fake_false_negative_risk,2.5,FaceForensics++
data_image_train\Fake\FF_fake_FaceShifter_305_513_f1.jpg,1,0.1931925266981125,hard_fake_false_negative_risk,2.5,FaceForensics++
data_image_train\Fake\FF_fake_Deepfakes_305_513_f3.jpg,1,0.1939561516046524,hard_fake_false_negative_risk,2.5,FaceForensics++
data_image_train\Fake\FF_fake_NeuralTextures_160_928_f3.jpg,1,0.19763734936714172,hard_fake_false_negative_risk,2.5,FaceForensics++
data_image_train\Fake\FF_fake_Face2Face_880_135_f0.jpg,1,0.19879846274852753,hard_fake_false_negative_risk,2.5,FaceForensics++
data_image_train\Fake\FF_fake_NeuralTextures_923_023_f3.jpg,1,0.19951987266540527,hard_fake_false_negative_risk,2.5,FaceForensics++
data_image_train\Fake\FF_fake_NeuralTextures_880_135_f1.jpg,1,0.20030231773853302,hard_fake_false_negative_risk,2.5,FaceForensics++
data_image_train\Fake\FF_fake_NeuralTextures_392_339_f0.jpg,1,0.2010938972234726,hard_fake_false_negative_risk,2.5,FaceForensics++
data_image_train\Fake\FF_fake_FaceShifter_451_449_f3.jpg,1,0.2030671238899231,hard_fake_false_negative_risk,2.5,FaceForensics++
data_image_train\Fake\FF_fake_NeuralTextures_824_419_f0.jpg,1,0.2049567997455597,hard_fake_false_negative_risk,2.5,FaceForensics++
data_image_train\Fake\FF_fake_NeuralTextures_498_433_f4.jpg,1,0.20880642533302307,hard_fake_false_negative_risk,2.5,FaceForensics++
data_image_train\Fake\FF_fake_FaceSwap_186_170_f3.jpg,1,0.20958904922008514,hard_fake_false_negative_risk,2.5,FaceForensics++
data_image_train\Fake\FF_fake_NeuralTextures_058_039_f0.jpg,1,0.2104525864124298,hard_fake_false_negative_risk,2.5,FaceForensics++
data_image_train\Fake\FF_fake_FaceSwap_281_474_f1.jpg,1,0.21152739226818085,hard_fake_false_negative_risk,2.5,FaceForensics++
data_image_train\Fake\FF_fake_NeuralTextures_392_339_f1.jpg,1,0.2121756374835968,hard_fake_false_negative_risk,2.5,FaceForensics++
data_image_train\Fake\FF_fake_NeuralTextures_897_969_f3.jpg,1,0.21425433456897736,hard_fake_false_negative_risk,2.5,FaceForensics++
data_image_train\Fake\FF_fake_NeuralTextures_943_942_f1.jpg,1,0.21479184925556183,hard_fake_false_negative_risk,2.5,FaceForensics++
data_image_train\Fake\FF_fake_FaceSwap_233_995_f4.jpg,1,0.2150510847568512,hard_fake_false_negative_risk,2.5,FaceForensics++
data_image_train\Fake\FF_fake_NeuralTextures_489_022_f0.jpg,1,0.21593588590621948,hard_fake_false_negative_risk,2.5,FaceForensics++
data_image_train\Fake\FF_fake_FaceSwap_281_474_f2.jpg,1,0.21595966815948486,hard_fake_false_negative_risk,2.5,FaceForensics++
data_image_train\Fake\FF_fake_FaceShifter_658_627_f2.jpg,1,0.2179582566022873,hard_fake_false_negative_risk,2.5,FaceForensics++
data_image_train\Fake\FF_fake_NeuralTextures_538_493_f4.jpg,1,0.2185535728931427,hard_fake_false_negative_risk,2.5,FaceForensics++
data_image_train\Fake\FF_fake_NeuralTextures_735_774_f1.jpg,1,0.22047898173332214,hard_fake_false_negative_risk,2.5,FaceForensics++
data_image_train\Fake\FF_fake_Deepfakes_880_135_f4.jpg,1,0.22175393998622894,hard_fake_false_negative_risk,2.5,FaceForensics++
data_image_train\Fake\FF_fake_NeuralTextures_559_543_f3.jpg,1,0.22334414720535278,hard_fake_false_negative_risk,2.5,FaceForensics++
data_image_train\Fake\FF_fake_NeuralTextures_740_796_f0.jpg,1,0.22562462091445923,hard_fake_false_negative_risk,2.5,FaceForensics++
data_image_train\Fake\FF_fake_NeuralTextures_880_135_f0.jpg,1,0.22629863023757935,hard_fake_false_negative_risk,2.5,FaceForensics++
data_image_train\Fake\FF_fake_FaceShifter_156_243_f0.jpg,1,0.22708694636821747,hard_fake_false_negative_risk,2.5,FaceForensics++
data_image_train\Fake\FF_fake_NeuralTextures_642_635_f0.jpg,1,0.22814036905765533,hard_fake_false_negative_risk,2.5,FaceForensics++
data_image_train\Fake\FF_fake_FaceShifter_679_665_f1.jpg,1,0.22845059633255005,hard_fake_false_negative_risk,2.5,FaceForensics++
data_image_train\Fake\FF_fake_NeuralTextures_212_179_f1.jpg,1,0.22945457696914673,hard_fake_false_negative_risk,2.5,FaceForensics++
data_image_train\Fake\FF_fake_FaceShifter_301_262_f1.jpg,1,0.22955188155174255,hard_fake_false_negative_risk,2.5,FaceForensics++
data_image_train\Fake\FF_fake_NeuralTextures_538_493_f2.jpg,1,0.23191605508327484,hard_fake_false_negative_risk,2.5,FaceForensics++
data_image_train\Fake\FF_fake_NeuralTextures_857_909_f1.jpg,1,0.23265781998634338,hard_fake_false_negative_risk,2.5,FaceForensics++
data_image_train\Fake\FF_fake_Face2Face_562_626_f2.jpg,1,0.23273727297782898,hard_fake_false_negative_risk,2.5,FaceForensics++
data_image_train\Fake\FF_fake_NeuralTextures_498_433_f1.jpg,1,0.23332534730434418,hard_fake_false_negative_risk,2.5,FaceForensics++
data_image_train\Fake\FF_fake_FaceShifter_451_449_f2.jpg,1,0.23549328744411469,hard_fake_false_negative_risk,2.5,FaceForensics++
data_image_train\Fake\FF_fake_NeuralTextures_756_503_f2.jpg,1,0.2355988472700119,hard_fake_false_negative_risk,2.5,FaceForensics++
data_image_train\Fake\FF_fake_NeuralTextures_956_958_f4.jpg,1,0.23649302124977112,hard_fake_false_negative_risk,2.5,FaceForensics++
data_image_train\Fake\FF_fake_NeuralTextures_021_312_f4.jpg,1,0.2370053231716156,hard_fake_false_negative_risk,2.5,FaceForensics++
data_image_train\Fake\FF_fake_NeuralTextures_407_374_f3.jpg,1,0.23712243139743805,hard_fake_false_negative_risk,2.5,FaceForensics++
data_image_train\Fake\FF_fake_NeuralTextures_071_054_f2.jpg,1,0.23744867742061615,hard_fake_false_negative_risk,2.5,FaceForensics++
data_image_train\Fake\FF_fake_NeuralTextures_481_469_f2.jpg,1,0.24113665521144867,hard_fake_false_negative_risk,2.5,FaceForensics++
data_image_train\Fake\FF_fake_Deepfakes_880_135_f1.jpg,1,0.24282024800777435,hard_fake_false_negative_risk,2.5,FaceForensics++
data_image_train\Fake\FF_fake_NeuralTextures_235_194_f3.jpg,1,0.24307343363761902,hard_fake_false_negative_risk,2.5,FaceForensics++
data_image_train\Fake\FF_fake_FaceShifter_664_668_f4.jpg,1,0.24324502050876617,hard_fake_false_negative_risk,2.5,FaceForensics++
data_image_train\Fake\FF_fake_NeuralTextures_472_511_f4.jpg,1,0.24548746645450592,hard_fake_false_negative_risk,2.5,FaceForensics++
data_image_train\Fake\FF_fake_NeuralTextures_923_023_f0.jpg,1,0.24576810002326965,hard_fake_false_negative_risk,2.5,FaceForensics++
data_image_train\Fake\FF_fake_FaceSwap_880_135_f2.jpg,1,0.24724815785884857,hard_fake_false_negative_risk,2.5,FaceForensics++
data_image_train\Fake\FF_fake_NeuralTextures_339_392_f0.jpg,1,0.24735641479492188,hard_fake_false_negative_risk,2.5,FaceForensics++
data_image_train\Fake\FF_fake_FaceShifter_391_406_f3.jpg,1,0.24767529964447021,hard_fake_false_negative_risk,2.5,FaceForensics++
data_image_train\Fake\FF_fake_NeuralTextures_392_339_f2.jpg,1,0.24922622740268707,hard_fake_false_negative_risk,2.5,FaceForensics++
data_image_train\Fake\FF_fake_FaceShifter_156_243_f4.jpg,1,0.25119879841804504,hard_fake_false_negative_risk,2.5,FaceForensics++
data_image_train\Fake\FF_fake_NeuralTextures_558_583_f4.jpg,1,0.2520790100097656,hard_fake_false_negative_risk,2.5,FaceForensics++
data_image_train\Fake\FF_fake_NeuralTextures_664_668_f2.jpg,1,0.2527160048484802,hard_fake_false_negative_risk,2.5,FaceForensics++
data_image_train\Fake\FF_fake_Deepfakes_805_011_f0.jpg,1,0.25472551584243774,hard_fake_false_negative_risk,2.5,FaceForensics++
data_image_train\Fake\FF_fake_NeuralTextures_538_493_f0.jpg,1,0.25520074367523193,hard_fake_false_negative_risk,2.5,FaceForensics++
data_image_train\Fake\FF_fake_NeuralTextures_038_125_f0.jpg,1,0.25681763887405396,hard_fake_false_negative_risk,2.5,FaceForensics++
data_image_train\Fake\FF_fake_NeuralTextures_568_628_f4.jpg,1,0.2582821846008301,hard_fake_false_negative_risk,2.5,FaceForensics++
data_image_train\Fake\FF_fake_Face2Face_653_601_f4.jpg,1,0.25945571064949036,hard_fake_false_negative_risk,2.5,FaceForensics++
data_image_train\Fake\FF_fake_NeuralTextures_407_374_f2.jpg,1,0.2607860565185547,hard_fake_false_negative_risk,2.5,FaceForensics++
data_image_train\Fake\FF_fake_FaceShifter_664_668_f1.jpg,1,0.26324263215065,hard_fake_false_negative_risk,2.5,FaceForensics++
data_image_train\Fake\FF_fake_Deepfakes_909_857_f4.jpg,1,0.266225129365921,hard_fake_false_negative_risk,2.5,FaceForensics++
data_image_train\Fake\FF_fake_NeuralTextures_923_023_f2.jpg,1,0.26658520102500916,hard_fake_false_negative_risk,2.5,FaceForensics++
data_image_train\Fake\FF_fake_Face2Face_345_259_f1.jpg,1,0.266751766204834,hard_fake_false_negative_risk,2.5,FaceForensics++
data_image_train\Fake\FF_fake_NeuralTextures_472_511_f2.jpg,1,0.2669886648654938,hard_fake_false_negative_risk,2.5,FaceForensics++
data_image_train\Fake\FF_fake_FaceShifter_202_348_f4.jpg,1,0.2678026854991913,hard_fake_false_negative_risk,2.5,FaceForensics++
data_image_train\Fake\FF_fake_NeuralTextures_559_543_f2.jpg,1,0.2678509056568146,hard_fake_false_negative_risk,2.5,FaceForensics++
data_image_train\Fake\FF_fake_FaceSwap_281_474_f0.jpg,1,0.26793792843818665,hard_fake_false_negative_risk,2.5,FaceForensics++
data_image_train\Fake\FF_fake_NeuralTextures_047_862_f1.jpg,1,0.2695058286190033,hard_fake_false_negative_risk,2.5,FaceForensics++
data_image_train\Fake\FF_fake_NeuralTextures_324_356_f2.jpg,1,0.27076444029808044,hard_fake_false_negative_risk,2.5,FaceForensics++
data_image_train\Fake\FF_fake_NeuralTextures_456_435_f1.jpg,1,0.2726714611053467,hard_fake_false_negative_risk,2.5,FaceForensics++
data_image_train\Fake\FF_fake_NeuralTextures_105_180_f3.jpg,1,0.27339377999305725,hard_fake_false_negative_risk,2.5,FaceForensics++
data_image_train\Fake\FF_fake_Face2Face_824_419_f0.jpg,1,0.2753518223762512,hard_fake_false_negative_risk,2.5,FaceForensics++
data_image_train\Fake\FF_fake_Face2Face_024_073_f3.jpg,1,0.27667346596717834,hard_fake_false_negative_risk,2.5,FaceForensics++
data_image_train\Fake\FF_fake_NeuralTextures_178_598_f4.jpg,1,0.2771293818950653,hard_fake_false_negative_risk,2.5,FaceForensics++
data_image_train\Fake\FF_fake_NeuralTextures_296_293_f3.jpg,1,0.2777188718318939,hard_fake_false_negative_risk,2.5,FaceForensics++
data_image_train\Fake\FF_fake_NeuralTextures_664_668_f4.jpg,1,0.2783569395542145,hard_fake_false_negative_risk,2.5,FaceForensics++
data_image_train\Fake\FF_fake_NeuralTextures_489_022_f4.jpg,1,0.2814359664916992,hard_fake_false_negative_risk,2.5,FaceForensics++
data_image_train\Fake\FF_fake_FaceSwap_010_005_f1.jpg,1,0.28179454803466797,hard_fake_false_negative_risk,2.5,FaceForensics++
data_image_train\Fake\FF_fake_FaceShifter_721_715_f4.jpg,1,0.28205907344818115,hard_fake_false_negative_risk,2.5,FaceForensics++
data_image_train\Fake\FF_fake_FaceSwap_764_850_f1.jpg,1,0.28278690576553345,hard_fake_false_negative_risk,2.5,FaceForensics++
data_image_train\Fake\FF_fake_FaceSwap_824_419_f1.jpg,1,0.28318190574645996,hard_fake_false_negative_risk,2.5,FaceForensics++
data_image_train\Fake\FF_fake_NeuralTextures_129_127_f1.jpg,1,0.28589367866516113,hard_fake_false_negative_risk,2.5,FaceForensics++
data_image_train\Fake\FF_fake_FaceSwap_124_085_f1.jpg,1,0.2876054048538208,hard_fake_false_negative_risk,2.5,FaceForensics++
data_image_train\Fake\FF_fake_NeuralTextures_498_433_f3.jpg,1,0.2876377999782562,hard_fake_false_negative_risk,2.5,FaceForensics++
data_image_train\Fake\FF_fake_NeuralTextures_302_323_f4.jpg,1,0.2876969873905182,hard_fake_false_negative_risk,2.5,FaceForensics++
data_image_train\Fake\FF_fake_FaceShifter_156_243_f2.jpg,1,0.28821295499801636,hard_fake_false_negative_risk,2.5,FaceForensics++
data_image_train\Fake\FF_fake_FaceShifter_058_039_f2.jpg,1,0.28907138109207153,hard_fake_false_negative_risk,2.5,FaceForensics++
data_image_train\Fake\FF_fake_NeuralTextures_429_404_f1.jpg,1,0.29030144214630127,hard_fake_false_negative_risk,2.5,FaceForensics++
data_image_train\Fake\FF_fake_FaceShifter_165_137_f3.jpg,1,0.292635977268219,hard_fake_false_negative_risk,2.5,FaceForensics++
data_image_train\Fake\FF_fake_FaceShifter_166_167_f3.jpg,1,0.2960188388824463,hard_fake_false_negative_risk,2.5,FaceForensics++
data_image_train\Fake\FF_fake_NeuralTextures_974_953_f0.jpg,1,0.29982641339302063,hard_fake_false_negative_risk,2.5,FaceForensics++
data_image_train\Fake\FF_fake_Deepfakes_298_279_f2.jpg,1,0.3002949059009552,hard_fake_false_negative_risk,2.5,FaceForensics++
data_image_train\Fake\FF_fake_FaceShifter_730_815_f1.jpg,1,0.30087581276893616,hard_fake_false_negative_risk,2.5,FaceForensics++
data_image_train\Fake\FF_fake_FaceSwap_824_419_f2.jpg,1,0.30113959312438965,hard_fake_false_negative_risk,2.5,FaceForensics++
data_image_train\Fake\FF_fake_NeuralTextures_457_398_f3.jpg,1,0.3013124167919159,hard_fake_false_negative_risk,2.5,FaceForensics++
data_image_train\Fake\FF_fake_FaceShifter_427_637_f2.jpg,1,0.30335789918899536,hard_fake_false_negative_risk,2.5,FaceForensics++
data_image_train\Fake\FF_fake_NeuralTextures_473_366_f1.jpg,1,0.30471178889274597,hard_fake_false_negative_risk,2.5,FaceForensics++
data_image_train\Fake\FF_fake_NeuralTextures_626_562_f2.jpg,1,0.3060942590236664,hard_fake_false_negative_risk,2.5,FaceForensics++
data_image_train\Fake\FF_fake_FaceShifter_905_860_f0.jpg,1,0.306413859128952,hard_fake_false_negative_risk,2.5,FaceForensics++
data_image_train\Fake\FF_fake_NeuralTextures_735_774_f2.jpg,1,0.30708563327789307,hard_fake_false_negative_risk,2.5,FaceForensics++
data_image_train\Fake\FF_fake_NeuralTextures_498_433_f0.jpg,1,0.30776020884513855,hard_fake_false_negative_risk,2.5,FaceForensics++
data_image_train\Fake\FF_fake_NeuralTextures_233_995_f3.jpg,1,0.3078678548336029,hard_fake_false_negative_risk,2.5,FaceForensics++
data_image_train\Fake\FF_fake_NeuralTextures_302_323_f0.jpg,1,0.3079057037830353,hard_fake_false_negative_risk,2.5,FaceForensics++
data_image_train\Fake\FF_fake_NeuralTextures_156_243_f3.jpg,1,0.3079252243041992,hard_fake_false_negative_risk,2.5,FaceForensics++
data_image_train\Fake\FF_fake_FaceShifter_943_942_f0.jpg,1,0.308771550655365,hard_fake_false_negative_risk,2.5,FaceForensics++
data_image_train\Fake\FF_fake_FaceShifter_884_968_f2.jpg,1,0.3089550733566284,hard_fake_false_negative_risk,2.5,FaceForensics++
data_image_train\Fake\FF_fake_FaceSwap_134_192_f2.jpg,1,0.3091428875923157,hard_fake_false_negative_risk,2.5,FaceForensics++
data_image_train\Fake\FF_fake_NeuralTextures_160_928_f0.jpg,1,0.3098020553588867,hard_fake_false_negative_risk,2.5,FaceForensics++
data_image_train\Fake\FF_fake_FaceShifter_392_339_f2.jpg,1,0.3109035789966583,hard_fake_false_negative_risk,2.5,FaceForensics++
data_image_train\Fake\FF_fake_Face2Face_787_782_f0.jpg,1,0.31093665957450867,hard_fake_false_negative_risk,2.5,FaceForensics++
data_image_train\Fake\FF_fake_FaceShifter_658_627_f3.jpg,1,0.3109777271747589,hard_fake_false_negative_risk,2.5,FaceForensics++
data_image_train\Fake\FF_fake_NeuralTextures_457_398_f1.jpg,1,0.3113112449645996,hard_fake_false_negative_risk,2.5,FaceForensics++
data_image_train\Fake\FF_fake_NeuralTextures_675_608_f3.jpg,1,0.312185674905777,hard_fake_false_negative_risk,2.5,FaceForensics++
data_image_train\Fake\FF_fake_FaceShifter_854_747_f3.jpg,1,0.3126460015773773,hard_fake_false_negative_risk,2.5,FaceForensics++
data_image_train\Fake\FF_fake_Face2Face_562_626_f1.jpg,1,0.31322386860847473,hard_fake_false_negative_risk,2.5,FaceForensics++
data_image_train\Fake\FF_fake_FaceShifter_658_627_f4.jpg,1,0.31346023082733154,hard_fake_false_negative_risk,2.5,FaceForensics++
data_image_train\Fake\FF_fake_FaceShifter_242_182_f3.jpg,1,0.31379663944244385,hard_fake_false_negative_risk,2.5,FaceForensics++
data_image_train\Fake\FF_fake_NeuralTextures_189_200_f2.jpg,1,0.3148130178451538,hard_fake_false_negative_risk,2.5,FaceForensics++
data_image_train\Fake\FF_fake_NeuralTextures_770_791_f1.jpg,1,0.3149625062942505,hard_fake_false_negative_risk,2.5,FaceForensics++
data_image_train\Fake\FF_fake_FaceShifter_124_085_f1.jpg,1,0.3151090741157532,hard_fake_false_negative_risk,2.5,FaceForensics++
data_image_train\Fake\FF_fake_Deepfakes_880_135_f2.jpg,1,0.3163466453552246,hard_fake_false_negative_risk,2.5,FaceForensics++
data_image_train\Fake\FF_fake_FaceShifter_994_986_f1.jpg,1,0.31749874353408813,hard_fake_false_negative_risk,2.5,FaceForensics++
data_image_train\Fake\FF_fake_NeuralTextures_626_562_f0.jpg,1,0.3183452785015106,hard_fake_false_negative_risk,2.5,FaceForensics++
data_image_train\Fake\FF_fake_Deepfakes_631_551_f4.jpg,1,0.3186589479446411,hard_fake_false_negative_risk,2.5,FaceForensics++
data_image_train\Fake\FF_fake_FaceShifter_669_682_f3.jpg,1,0.31886646151542664,hard_fake_false_negative_risk,2.5,FaceForensics++
data_image_train\Fake\FF_fake_NeuralTextures_860_905_f4.jpg,1,0.31991150975227356,hard_fake_false_negative_risk,2.5,FaceForensics++
data_image_train\Fake\FF_fake_FaceShifter_242_182_f2.jpg,1,0.31996414065361023,hard_fake_false_negative_risk,2.5,FaceForensics++
data_image_train\Fake\FF_fake_NeuralTextures_214_255_f0.jpg,1,0.3209587335586548,hard_fake_false_negative_risk,2.5,FaceForensics++
data_image_train\Fake\FF_fake_NeuralTextures_562_626_f2.jpg,1,0.32123279571533203,hard_fake_false_negative_risk,2.5,FaceForensics++
data_image_train\Fake\FF_fake_NeuralTextures_664_668_f3.jpg,1,0.321307897567749,hard_fake_false_negative_risk,2.5,FaceForensics++
data_image_train\Fake\FF_fake_Deepfakes_305_513_f0.jpg,1,0.323141872882843,hard_fake_false_negative_risk,2.5,FaceForensics++
data_image_train\Fake\FF_fake_NeuralTextures_682_669_f3.jpg,1,0.32394692301750183,hard_fake_false_negative_risk,2.5,FaceForensics++
data_image_train\Fake\FF_fake_FaceShifter_240_290_f1.jpg,1,0.3239998519420624,hard_fake_false_negative_risk,2.5,FaceForensics++
data_image_train\Fake\FF_fake_NeuralTextures_905_860_f2.jpg,1,0.3249385952949524,hard_fake_false_negative_risk,2.5,FaceForensics++
data_image_train\Fake\FF_fake_NeuralTextures_071_054_f3.jpg,1,0.32496377825737,hard_fake_false_negative_risk,2.5,FaceForensics++
data_image_train\Fake\FF_fake_NeuralTextures_174_964_f1.jpg,1,0.32524973154067993,hard_fake_false_negative_risk,2.5,FaceForensics++
data_image_train\Fake\FF_fake_FaceShifter_547_574_f3.jpg,1,0.32565054297447205,hard_fake_false_negative_risk,2.5,FaceForensics++
data_image_train\Fake\FF_fake_NeuralTextures_058_039_f1.jpg,1,0.32573962211608887,hard_fake_false_negative_risk,2.5,FaceForensics++
data_image_train\Fake\FF_fake_NeuralTextures_756_503_f3.jpg,1,0.32580819725990295,hard_fake_false_negative_risk,2.5,FaceForensics++
data_image_train\Fake\FF_fake_FaceShifter_658_627_f1.jpg,1,0.32591578364372253,hard_fake_false_negative_risk,2.5,FaceForensics++
data_image_train\Fake\FF_fake_NeuralTextures_903_792_f0.jpg,1,0.32624551653862,hard_fake_false_negative_risk,2.5,FaceForensics++
data_image_train\Fake\FF_fake_NeuralTextures_160_928_f1.jpg,1,0.32703953981399536,hard_fake_false_negative_risk,2.5,FaceForensics++
data_image_train\Fake\FF_fake_NeuralTextures_905_860_f3.jpg,1,0.3270728886127472,hard_fake_false_negative_risk,2.5,FaceForensics++
data_image_train\Fake\FF_fake_FaceSwap_104_126_f1.jpg,1,0.327131062746048,hard_fake_false_negative_risk,2.5,FaceForensics++
data_image_train\Fake\FF_fake_NeuralTextures_659_749_f3.jpg,1,0.3277508616447449,hard_fake_false_negative_risk,2.5,FaceForensics++
data_image_train\Fake\FF_fake_NeuralTextures_923_023_f4.jpg,1,0.32839956879615784,hard_fake_false_negative_risk,2.5,FaceForensics++
data_image_train\Fake\FF_fake_Face2Face_897_969_f3.jpg,1,0.3284088671207428,hard_fake_false_negative_risk,2.5,FaceForensics++
data_image_train\Fake\FF_fake_FaceShifter_404_429_f1.jpg,1,0.3284716308116913,hard_fake_false_negative_risk,2.5,FaceForensics++
data_image_train\Fake\FF_fake_Face2Face_279_298_f3.jpg,1,0.3287242650985718,hard_fake_false_negative_risk,2.5,FaceForensics++
data_image_train\Fake\FF_fake_FaceShifter_943_942_f1.jpg,1,0.3287973999977112,hard_fake_false_negative_risk,2.5,FaceForensics++
data_image_train\Fake\FF_fake_NeuralTextures_038_125_f2.jpg,1,0.3309052288532257,hard_fake_false_negative_risk,2.5,FaceForensics++
data_image_train\Fake\FF_fake_NeuralTextures_166_167_f3.jpg,1,0.33177119493484497,hard_fake_false_negative_risk,2.5,FaceForensics++
data_image_train\Fake\FF_fake_Face2Face_160_928_f1.jpg,1,0.33333271741867065,hard_fake_false_negative_risk,2.5,FaceForensics++
data_image_train\Fake\FF_fake_FaceShifter_884_968_f0.jpg,1,0.33550921082496643,hard_fake_false_negative_risk,2.5,FaceForensics++
data_image_train\Fake\FF_fake_NeuralTextures_493_538_f2.jpg,1,0.33598822355270386,hard_fake_false_negative_risk,2.5,FaceForensics++
data_image_train\Fake\FF_fake_NeuralTextures_615_687_f3.jpg,1,0.336645245552063,hard_fake_false_negative_risk,2.5,FaceForensics++
data_image_train\Fake\FF_fake_NeuralTextures_472_511_f3.jpg,1,0.33715662360191345,hard_fake_false_negative_risk,2.5,FaceForensics++
data_image_train\Fake\FF_fake_NeuralTextures_174_964_f4.jpg,1,0.3379094898700714,hard_fake_false_negative_risk,2.5,FaceForensics++
data_image_train\Fake\FF_fake_Deepfakes_492_325_f1.jpg,1,0.3389250636100769,hard_fake_false_negative_risk,2.5,FaceForensics++
data_image_train\Fake\FF_fake_FaceShifter_547_574_f2.jpg,1,0.3391246497631073,hard_fake_false_negative_risk,2.5,FaceForensics++
data_image_train\Fake\FF_fake_NeuralTextures_135_880_f0.jpg,1,0.3401448130607605,hard_fake_false_negative_risk,2.5,FaceForensics++
data_image_train\Fake\FF_fake_FaceSwap_824_419_f3.jpg,1,0.3423052728176117,hard_fake_false_negative_risk,2.5,FaceForensics++
data_image_train\Fake\FF_fake_FaceShifter_066_062_f0.jpg,1,0.34308668971061707,hard_fake_false_negative_risk,2.5,FaceForensics++
data_image_train\Fake\FF_fake_NeuralTextures_021_312_f2.jpg,1,0.3435578942298889,hard_fake_false_negative_risk,2.5,FaceForensics++
data_image_train\Fake\FF_fake_NeuralTextures_008_990_f4.jpg,1,0.34356269240379333,hard_fake_false_negative_risk,2.5,FaceForensics++
data_image_train\Fake\FF_fake_NeuralTextures_058_039_f3.jpg,1,0.34396010637283325,hard_fake_false_negative_risk,2.5,FaceForensics++
data_image_train\Fake\FF_fake_FaceShifter_456_435_f2.jpg,1,0.3449687659740448,hard_fake_false_negative_risk,2.5,FaceForensics++
data_image_train\Fake\FF_fake_NeuralTextures_664_668_f0.jpg,1,0.3458191156387329,hard_fake_false_negative_risk,2.5,FaceForensics++
data_image_train\Fake\FF_fake_NeuralTextures_493_538_f3.jpg,1,0.34634971618652344,hard_fake_false_negative_risk,2.5,FaceForensics++
data_image_train\Fake\FF_fake_NeuralTextures_066_062_f1.jpg,1,0.3487708270549774,hard_fake_false_negative_risk,2.5,FaceForensics++
data_image_train\Fake\FF_fake_Deepfakes_844_797_f2.jpg,1,0.3489530682563782,hard_fake_false_negative_risk,2.5,FaceForensics++
data_image_train\Fake\FF_fake_FaceShifter_547_574_f1.jpg,1,0.34919360280036926,hard_fake_false_negative_risk,2.5,FaceForensics++
data_image_train\Fake\FF_fake_FaceSwap_943_942_f4.jpg,1,0.349629282951355,hard_fake_false_negative_risk,2.5,FaceForensics++
data_image_train\Fake\FF_fake_FaceShifter_305_513_f0.jpg,1,0.35009610652923584,hard_fake_false_negative_risk,2.5,FaceForensics++
data_image_train\Fake\FF_fake_NeuralTextures_524_580_f4.jpg,1,0.35101574659347534,hard_fake_false_negative_risk,2.5,FaceForensics++
data_image_train\Fake\FF_fake_NeuralTextures_679_665_f3.jpg,1,0.35280296206474304,hard_fake_false_negative_risk,2.5,FaceForensics++
data_image_train\Fake\FF_fake_FaceSwap_586_223_f0.jpg,1,0.35447800159454346,hard_fake_false_negative_risk,2.5,FaceForensics++
data_image_train\Fake\FF_fake_Face2Face_442_195_f3.jpg,1,0.35616642236709595,hard_fake_false_negative_risk,2.5,FaceForensics++
data_image_train\Fake\FF_fake_NeuralTextures_472_511_f1.jpg,1,0.35688313841819763,hard_fake_false_negative_risk,2.5,FaceForensics++
data_image_train\Fake\FF_fake_FaceShifter_158_379_f2.jpg,1,0.35766708850860596,hard_fake_false_negative_risk,2.5,FaceForensics++
data_image_train\Fake\FF_fake_FaceShifter_752_751_f0.jpg,1,0.3577097952365875,hard_fake_false_negative_risk,2.5,FaceForensics++
data_image_train\Fake\FF_fake_Face2Face_764_850_f0.jpg,1,0.35813385248184204,hard_fake_false_negative_risk,2.5,FaceForensics++
data_image_train\Fake\FF_fake_FaceShifter_495_512_f1.jpg,1,0.3584594428539276,hard_fake_false_negative_risk,2.5,FaceForensics++
data_image_train\Fake\FF_fake_FaceShifter_227_169_f1.jpg,1,0.35849350690841675,hard_fake_false_negative_risk,2.5,FaceForensics++
data_image_train\Fake\FF_fake_Deepfakes_736_785_f0.jpg,1,0.35902202129364014,hard_fake_false_negative_risk,2.5,FaceForensics++
data_image_train\Fake\FF_fake_FaceShifter_862_047_f4.jpg,1,0.3594798147678375,hard_fake_false_negative_risk,2.5,FaceForensics++
data_image_train\Fake\FF_fake_Deepfakes_124_085_f0.jpg,1,0.36035776138305664,hard_fake_false_negative_risk,2.5,FaceForensics++
data_image_train\Fake\FF_fake_NeuralTextures_233_995_f1.jpg,1,0.360374391078949,hard_fake_false_negative_risk,2.5,FaceForensics++
data_image_train\Fake\FF_fake_FaceShifter_609_596_f2.jpg,1,0.3611873388290405,hard_fake_false_negative_risk,2.5,FaceForensics++
data_image_train\Fake\FF_fake_FaceShifter_669_682_f2.jpg,1,0.36121970415115356,hard_fake_false_negative_risk,2.5,FaceForensics++
data_image_train\Fake\FF_fake_FaceShifter_058_039_f1.jpg,1,0.36125755310058594,hard_fake_false_negative_risk,2.5,FaceForensics++
data_image_train\Fake\FF_fake_NeuralTextures_178_598_f3.jpg,1,0.36328139901161194,hard_fake_false_negative_risk,2.5,FaceForensics++
data_image_train\Fake\FF_fake_NeuralTextures_857_909_f0.jpg,1,0.36461225152015686,hard_fake_false_negative_risk,2.5,FaceForensics++
data_image_train\Fake\FF_fake_FaceShifter_392_339_f0.jpg,1,0.36572691798210144,hard_fake_false_negative_risk,2.5,FaceForensics++
data_image_train\Fake\FF_fake_NeuralTextures_348_202_f2.jpg,1,0.366198867559433,hard_fake_false_negative_risk,2.5,FaceForensics++
data_image_train\Fake\FF_fake_Deepfakes_492_325_f3.jpg,1,0.36659228801727295,hard_fake_false_negative_risk,2.5,FaceForensics++
data_image_train\Fake\FF_fake_NeuralTextures_736_785_f0.jpg,1,0.36722368001937866,hard_fake_false_negative_risk,2.5,FaceForensics++
data_image_train\Fake\FF_fake_Face2Face_943_942_f2.jpg,1,0.36744424700737,hard_fake_false_negative_risk,2.5,FaceForensics++
data_image_train\Fake\FF_fake_NeuralTextures_657_644_f1.jpg,1,0.3676742911338806,hard_fake_false_negative_risk,2.5,FaceForensics++
data_image_train\Fake\FF_fake_NeuralTextures_019_018_f0.jpg,1,0.3727043867111206,hard_fake_false_negative_risk,2.5,FaceForensics++
data_image_train\Fake\FF_fake_NeuralTextures_512_495_f1.jpg,1,0.37295466661453247,hard_fake_false_negative_risk,2.5,FaceForensics++
data_image_train\Fake\FF_fake_NeuralTextures_376_381_f3.jpg,1,0.37374433875083923,hard_fake_false_negative_risk,2.5,FaceForensics++
data_image_train\Fake\FF_fake_NeuralTextures_376_381_f1.jpg,1,0.37425675988197327,hard_fake_false_negative_risk,2.5,FaceForensics++
data_image_train\Fake\FF_fake_NeuralTextures_348_202_f0.jpg,1,0.37452432513237,hard_fake_false_negative_risk,2.5,FaceForensics++
data_image_train\Fake\FF_fake_NeuralTextures_234_187_f2.jpg,1,0.37538373470306396,hard_fake_false_negative_risk,2.5,FaceForensics++
data_image_train\Fake\FF_fake_FaceShifter_659_749_f2.jpg,1,0.3754670321941376,hard_fake_false_negative_risk,2.5,FaceForensics++
data_image_train\Fake\FF_fake_FaceShifter_872_873_f3.jpg,1,0.3760462701320648,hard_fake_false_negative_risk,2.5,FaceForensics++
data_image_train\Fake\FF_fake_NeuralTextures_367_371_f1.jpg,1,0.37632936239242554,hard_fake_false_negative_risk,2.5,FaceForensics++
data_image_train\Fake\FF_fake_NeuralTextures_498_433_f2.jpg,1,0.37696072459220886,hard_fake_false_negative_risk,2.5,FaceForensics++
data_image_train\Fake\FF_fake_NeuralTextures_660_634_f2.jpg,1,0.37706997990608215,hard_fake_false_negative_risk,2.5,FaceForensics++
data_image_train\Fake\FF_fake_NeuralTextures_160_928_f2.jpg,1,0.3773871660232544,hard_fake_false_negative_risk,2.5,FaceForensics++
data_image_train\Fake\FF_fake_NeuralTextures_495_512_f2.jpg,1,0.3793553411960602,hard_fake_false_negative_risk,2.5,FaceForensics++
data_image_train\Fake\FF_fake_FaceSwap_752_751_f3.jpg,1,0.37974658608436584,hard_fake_false_negative_risk,2.5,FaceForensics++
data_image_train\Fake\FF_fake_Face2Face_134_192_f3.jpg,1,0.3800252676010132,hard_fake_false_negative_risk,2.5,FaceForensics++
data_image_train\Fake\FF_fake_FaceSwap_371_367_f4.jpg,1,0.38110461831092834,hard_fake_false_negative_risk,2.5,FaceForensics++
data_image_train\Fake\FF_fake_Face2Face_929_962_f1.jpg,1,0.3811837434768677,hard_fake_false_negative_risk,2.5,FaceForensics++
data_image_train\Fake\FF_fake_NeuralTextures_178_598_f0.jpg,1,0.38164567947387695,hard_fake_false_negative_risk,2.5,FaceForensics++
data_image_train\Fake\FF_fake_NeuralTextures_060_088_f1.jpg,1,0.38184982538223267,hard_fake_false_negative_risk,2.5,FaceForensics++
data_image_train\Fake\FF_fake_Deepfakes_824_419_f1.jpg,1,0.3819127380847931,hard_fake_false_negative_risk,2.5,FaceForensics++
data_image_train\Fake\FF_fake_FaceSwap_010_005_f3.jpg,1,0.38216811418533325,hard_fake_false_negative_risk,2.5,FaceForensics++
data_image_train\Fake\FF_fake_Face2Face_896_128_f0.jpg,1,0.3824664354324341,hard_fake_false_negative_risk,2.5,FaceForensics++
data_image_train\Fake\FF_fake_NeuralTextures_216_164_f4.jpg,1,0.3826914131641388,hard_fake_false_negative_risk,2.5,FaceForensics++
data_image_train\Fake\FF_fake_FaceSwap_492_325_f1.jpg,1,0.3839965760707855,hard_fake_false_negative_risk,2.5,FaceForensics++
data_image_train\Fake\FF_fake_Deepfakes_124_085_f2.jpg,1,0.3844144642353058,hard_fake_false_negative_risk,2.5,FaceForensics++
data_image_train\Fake\FF_fake_NeuralTextures_038_125_f1.jpg,1,0.3851875960826874,hard_fake_false_negative_risk,2.5,FaceForensics++
data_image_train\Fake\FF_fake_Deepfakes_178_598_f3.jpg,1,0.38528817892074585,hard_fake_false_negative_risk,2.5,FaceForensics++
data_image_train\Fake\FF_fake_NeuralTextures_615_687_f0.jpg,1,0.38529065251350403,hard_fake_false_negative_risk,2.5,FaceForensics++
data_image_train\Fake\FF_fake_NeuralTextures_004_982_f3.jpg,1,0.3854747712612152,hard_fake_false_negative_risk,2.5,FaceForensics++
data_image_train\Fake\FF_fake_FaceShifter_896_128_f0.jpg,1,0.3856635093688965,hard_fake_false_negative_risk,2.5,FaceForensics++
data_image_train\Fake\FF_fake_NeuralTextures_911_910_f1.jpg,1,0.3860463500022888,hard_fake_false_negative_risk,2.5,FaceForensics++
data_image_train\Fake\FF_fake_FaceShifter_844_797_f2.jpg,1,0.3870246708393097,hard_fake_false_negative_risk,2.5,FaceForensics++
data_image_train\Fake\FF_fake_Deepfakes_834_852_f0.jpg,1,0.3876259922981262,hard_fake_false_negative_risk,2.5,FaceForensics++
data_image_train\Fake\FF_fake_NeuralTextures_421_423_f0.jpg,1,0.38856494426727295,hard_fake_false_negative_risk,2.5,FaceForensics++
data_image_train\Fake\FF_fake_FaceShifter_997_040_f0.jpg,1,0.3891157805919647,hard_fake_false_negative_risk,2.5,FaceForensics++
data_image_train\Fake\FF_fake_Face2Face_943_942_f0.jpg,1,0.38921934366226196,hard_fake_false_negative_risk,2.5,FaceForensics++
data_image_train\Fake\FF_fake_NeuralTextures_704_723_f0.jpg,1,0.38927966356277466,hard_fake_false_negative_risk,2.5,FaceForensics++
data_image_train\Fake\FF_fake_NeuralTextures_281_474_f4.jpg,1,0.3894396424293518,hard_fake_false_negative_risk,2.5,FaceForensics++
data_image_train\Fake\FF_fake_NeuralTextures_943_942_f3.jpg,1,0.39124423265457153,hard_fake_false_negative_risk,2.5,FaceForensics++
data_image_train\Fake\FF_fake_NeuralTextures_160_928_f4.jpg,1,0.39193132519721985,hard_fake_false_negative_risk,2.5,FaceForensics++
data_image_train\Fake\FF_fake_Face2Face_160_928_f2.jpg,1,0.39193791151046753,hard_fake_false_negative_risk,2.5,FaceForensics++
data_image_train\Fake\FF_fake_NeuralTextures_762_832_f2.jpg,1,0.3920325040817261,hard_fake_false_negative_risk,2.5,FaceForensics++
data_image_train\Fake\FF_fake_NeuralTextures_157_245_f2.jpg,1,0.39216238260269165,hard_fake_false_negative_risk,2.5,FaceForensics++
data_image_train\Fake\FF_fake_Face2Face_929_962_f3.jpg,1,0.39329761266708374,hard_fake_false_negative_risk,2.5,FaceForensics++
data_image_train\Fake\FF_fake_NeuralTextures_679_665_f1.jpg,1,0.3938562870025635,hard_fake_false_negative_risk,2.5,FaceForensics++
data_image_train\Fake\FF_fake_NeuralTextures_606_567_f4.jpg,1,0.39451727271080017,hard_fake_false_negative_risk,2.5,FaceForensics++
data_image_train\Fake\FF_fake_NeuralTextures_227_169_f3.jpg,1,0.3959551453590393,hard_fake_false_negative_risk,2.5,FaceForensics++
data_image_train\Fake\FF_fake_NeuralTextures_615_687_f2.jpg,1,0.3959689140319824,hard_fake_false_negative_risk,2.5,FaceForensics++
data_image_train\Fake\FF_fake_NeuralTextures_690_689_f0.jpg,1,0.3960523307323456,hard_fake_false_negative_risk,2.5,FaceForensics++
data_image_train\Fake\FF_fake_FaceShifter_817_827_f0.jpg,1,0.39654791355133057,hard_fake_false_negative_risk,2.5,FaceForensics++
data_image_train\Fake\FF_fake_NeuralTextures_212_179_f0.jpg,1,0.39699169993400574,hard_fake_false_negative_risk,2.5,FaceForensics++
data_image_train\Fake\FF_fake_NeuralTextures_379_158_f3.jpg,1,0.39733755588531494,hard_fake_false_negative_risk,2.5,FaceForensics++
data_image_train\Fake\FF_fake_NeuralTextures_240_290_f0.jpg,1,0.39740920066833496,hard_fake_false_negative_risk,2.5,FaceForensics++
data_image_train\Fake\FF_fake_NeuralTextures_545_553_f1.jpg,1,0.3976132869720459,hard_fake_false_negative_risk,2.5,FaceForensics++
data_image_train\Fake\FF_fake_FaceSwap_586_223_f3.jpg,1,0.3981609642505646,hard_fake_false_negative_risk,2.5,FaceForensics++
data_image_train\Fake\FF_fake_NeuralTextures_429_404_f0.jpg,1,0.3989317715167999,hard_fake_false_negative_risk,2.5,FaceForensics++
data_image_train\Fake\FF_fake_NeuralTextures_905_860_f0.jpg,1,0.39964357018470764,hard_fake_false_negative_risk,2.5,FaceForensics++
data_image_train\Fake\FF_fake_FaceShifter_311_387_f1.jpg,1,0.40004733204841614,hard_fake_false_negative_risk,2.5,FaceForensics++
data_image_train\Fake\FF_fake_FaceShifter_166_167_f2.jpg,1,0.4002229869365692,hard_fake_false_negative_risk,2.5,FaceForensics++
data_image_train\Fake\FF_fake_NeuralTextures_038_125_f3.jpg,1,0.400249183177948,hard_fake_false_negative_risk,2.5,FaceForensics++
data_image_train\Fake\FF_fake_NeuralTextures_174_964_f0.jpg,1,0.40029096603393555,hard_fake_false_negative_risk,2.5,FaceForensics++
data_image_train\Fake\FF_fake_NeuralTextures_457_398_f2.jpg,1,0.4008784592151642,hard_fake_false_negative_risk,2.5,FaceForensics++
data_image_train\Fake\FF_fake_FaceShifter_740_796_f0.jpg,1,0.40111562609672546,hard_fake_false_negative_risk,2.5,FaceForensics++
data_image_train\Fake\FF_fake_FaceShifter_833_826_f3.jpg,1,0.40119290351867676,hard_fake_false_negative_risk,2.5,FaceForensics++
data_image_train\Fake\FF_fake_NeuralTextures_655_444_f0.jpg,1,0.40245601534843445,hard_fake_false_negative_risk,2.5,FaceForensics++
data_image_train\Fake\FF_fake_FaceShifter_956_958_f0.jpg,1,0.40472036600112915,hard_fake_false_negative_risk,2.5,FaceForensics++
data_image_train\Fake\FF_fake_NeuralTextures_279_298_f0.jpg,1,0.40474963188171387,hard_fake_false_negative_risk,2.5,FaceForensics++
data_image_train\Fake\FF_fake_FaceSwap_437_360_f0.jpg,1,0.4049436151981354,hard_fake_false_negative_risk,2.5,FaceForensics++
data_image_train\Fake\FF_fake_Deepfakes_158_379_f1.jpg,1,0.40567097067832947,hard_fake_false_negative_risk,2.5,FaceForensics++
data_image_train\Fake\FF_fake_FaceShifter_807_273_f1.jpg,1,0.4058966636657715,hard_fake_false_negative_risk,2.5,FaceForensics++
data_image_train\Fake\FF_fake_Deepfakes_736_785_f4.jpg,1,0.4066230356693268,hard_fake_false_negative_risk,2.5,FaceForensics++
data_image_train\Fake\FF_fake_FaceShifter_669_682_f4.jpg,1,0.4070618152618408,hard_fake_false_negative_risk,2.5,FaceForensics++
data_image_train\Fake\FF_fake_FaceSwap_495_512_f1.jpg,1,0.40737882256507874,hard_fake_false_negative_risk,2.5,FaceForensics++
data_image_train\Fake\FF_fake_Face2Face_345_259_f3.jpg,1,0.4076158106327057,hard_fake_false_negative_risk,2.5,FaceForensics++
data_image_train\Fake\FF_fake_FaceShifter_457_398_f4.jpg,1,0.40791353583335876,hard_fake_false_negative_risk,2.5,FaceForensics++
data_image_train\Fake\FF_fake_Face2Face_962_929_f4.jpg,1,0.40791741013526917,hard_fake_false_negative_risk,2.5,FaceForensics++
data_image_train\Fake\FF_fake_NeuralTextures_852_834_f2.jpg,1,0.40996575355529785,hard_fake_false_negative_risk,2.5,FaceForensics++
data_image_train\Fake\FF_fake_NeuralTextures_457_398_f4.jpg,1,0.4103587567806244,hard_fake_false_negative_risk,2.5,FaceForensics++
data_image_train\Fake\FF_fake_NeuralTextures_509_525_f0.jpg,1,0.4108862280845642,hard_fake_false_negative_risk,2.5,FaceForensics++
data_image_train\Fake\FF_fake_FaceShifter_484_415_f1.jpg,1,0.410915732383728,hard_fake_false_negative_risk,2.5,FaceForensics++
data_image_train\Fake\FF_fake_NeuralTextures_762_832_f3.jpg,1,0.41152921319007874,hard_fake_false_negative_risk,2.5,FaceForensics++
data_image_train\Fake\FF_fake_FaceShifter_113_983_f1.jpg,1,0.4128880202770233,hard_fake_false_negative_risk,2.5,FaceForensics++
data_image_train\Fake\FF_fake_NeuralTextures_185_276_f2.jpg,1,0.41324347257614136,hard_fake_false_negative_risk,2.5,FaceForensics++
data_image_train\Fake\FF_fake_NeuralTextures_367_371_f3.jpg,1,0.41336706280708313,hard_fake_false_negative_risk,2.5,FaceForensics++
data_image_train\Fake\FF_fake_NeuralTextures_327_329_f4.jpg,1,0.4138639569282532,hard_fake_false_negative_risk,2.5,FaceForensics++
data_image_train\Fake\FF_fake_FaceShifter_580_524_f0.jpg,1,0.41436922550201416,hard_fake_false_negative_risk,2.5,FaceForensics++
data_image_train\Fake\FF_fake_FaceSwap_214_255_f3.jpg,1,0.4146457314491272,hard_fake_false_negative_risk,2.5,FaceForensics++
data_image_train\Fake\FF_fake_Deepfakes_218_239_f0.jpg,1,0.41482779383659363,hard_fake_false_negative_risk,2.5,FaceForensics++
data_image_train\Fake\FF_fake_FaceShifter_337_522_f3.jpg,1,0.41524621844291687,hard_fake_false_negative_risk,2.5,FaceForensics++
data_image_train\Fake\FF_fake_NeuralTextures_023_923_f4.jpg,1,0.41582950949668884,hard_fake_false_negative_risk,2.5,FaceForensics++
data_image_train\Fake\FF_fake_FaceShifter_955_078_f0.jpg,1,0.4159437119960785,hard_fake_false_negative_risk,2.5,FaceForensics++
data_image_train\Fake\FF_fake_NeuralTextures_240_290_f1.jpg,1,0.4160534739494324,hard_fake_false_negative_risk,2.5,FaceForensics++
data_image_train\Fake\FF_fake_FaceShifter_359_317_f0.jpg,1,0.41651883721351624,hard_fake_false_negative_risk,2.5,FaceForensics++
data_image_train\Fake\FF_fake_NeuralTextures_664_668_f1.jpg,1,0.416743665933609,hard_fake_false_negative_risk,2.5,FaceForensics++
data_image_train\Fake\FF_fake_NeuralTextures_302_323_f3.jpg,1,0.41709375381469727,hard_fake_false_negative_risk,2.5,FaceForensics++
data_image_train\Fake\FF_fake_NeuralTextures_478_506_f3.jpg,1,0.4182601869106293,hard_fake_false_negative_risk,2.5,FaceForensics++
data_image_train\Fake\FF_fake_NeuralTextures_302_323_f1.jpg,1,0.41860198974609375,hard_fake_false_negative_risk,2.5,FaceForensics++
data_image_train\Fake\FF_fake_NeuralTextures_281_474_f1.jpg,1,0.4187225103378296,hard_fake_false_negative_risk,2.5,FaceForensics++
data_image_train\Fake\FF_fake_FaceShifter_664_668_f2.jpg,1,0.420345664024353,hard_fake_false_negative_risk,2.5,FaceForensics++
data_image_train\Fake\FF_fake_NeuralTextures_770_791_f0.jpg,1,0.4206016957759857,hard_fake_false_negative_risk,2.5,FaceForensics++
data_image_train\Fake\FF_fake_FaceShifter_763_930_f0.jpg,1,0.42078542709350586,hard_fake_false_negative_risk,2.5,FaceForensics++
data_image_train\Fake\FF_fake_NeuralTextures_348_202_f4.jpg,1,0.4209471642971039,hard_fake_false_negative_risk,2.5,FaceForensics++
data_image_train\Fake\FF_fake_NeuralTextures_650_625_f0.jpg,1,0.42111918330192566,hard_fake_false_negative_risk,2.5,FaceForensics++
data_image_train\Fake\FF_fake_FaceShifter_905_860_f1.jpg,1,0.421537846326828,hard_fake_false_negative_risk,2.5,FaceForensics++
data_image_train\Fake\FF_fake_NeuralTextures_031_163_f1.jpg,1,0.4216320812702179,hard_fake_false_negative_risk,2.5,FaceForensics++
data_image_train\Fake\FF_fake_FaceShifter_128_896_f1.jpg,1,0.4235249161720276,hard_fake_false_negative_risk,2.5,FaceForensics++
data_image_train\Fake\FF_fake_NeuralTextures_679_665_f4.jpg,1,0.4237902760505676,hard_fake_false_negative_risk,2.5,FaceForensics++
data_image_train\Fake\FF_fake_Deepfakes_405_393_f0.jpg,1,0.4240224361419678,hard_fake_false_negative_risk,2.5,FaceForensics++
data_image_train\Fake\FF_fake_FaceShifter_268_269_f3.jpg,1,0.4242963194847107,hard_fake_false_negative_risk,2.5,FaceForensics++
data_image_train\Fake\FF_fake_NeuralTextures_198_106_f1.jpg,1,0.4245412051677704,hard_fake_false_negative_risk,2.5,FaceForensics++
data_image_train\Fake\FF_fake_Face2Face_910_911_f3.jpg,1,0.4249074459075928,hard_fake_false_negative_risk,2.5,FaceForensics++
data_image_train\Fake\FF_fake_FaceSwap_995_233_f0.jpg,1,0.4252338111400604,hard_fake_false_negative_risk,2.5,FaceForensics++
data_image_train\Fake\FF_fake_Face2Face_837_890_f4.jpg,1,0.42601627111434937,hard_fake_false_negative_risk,2.5,FaceForensics++
data_image_train\Fake\FF_fake_FaceSwap_066_062_f0.jpg,1,0.42692893743515015,hard_fake_false_negative_risk,2.5,FaceForensics++
data_image_train\Fake\FF_fake_NeuralTextures_526_436_f1.jpg,1,0.4272453188896179,hard_fake_false_negative_risk,2.5,FaceForensics++
data_image_train\Fake\FF_fake_NeuralTextures_702_612_f1.jpg,1,0.42805546522140503,hard_fake_false_negative_risk,2.5,FaceForensics++
data_image_train\Fake\FF_fake_NeuralTextures_829_808_f4.jpg,1,0.4282948970794678,hard_fake_false_negative_risk,2.5,FaceForensics++
data_image_train\Fake\FF_fake_NeuralTextures_911_910_f2.jpg,1,0.42854222655296326,hard_fake_false_negative_risk,2.5,FaceForensics++
data_image_train\Fake\FF_fake_NeuralTextures_249_280_f3.jpg,1,0.4295383095741272,hard_fake_false_negative_risk,2.5,FaceForensics++
data_image_train\Fake\FF_fake_NeuralTextures_559_543_f1.jpg,1,0.4297836422920227,hard_fake_false_negative_risk,2.5,FaceForensics++
data_image_train\Fake\FF_fake_FaceShifter_007_132_f3.jpg,1,0.42978590726852417,hard_fake_false_negative_risk,2.5,FaceForensics++
data_image_train\Fake\FF_fake_Face2Face_914_899_f4.jpg,1,0.4302990734577179,hard_fake_false_negative_risk,2.5,FaceForensics++
data_image_train\Fake\FF_fake_NeuralTextures_580_524_f3.jpg,1,0.4304963946342468,hard_fake_false_negative_risk,2.5,FaceForensics++
data_image_train\Fake\FF_fake_FaceSwap_108_052_f0.jpg,1,0.43058645725250244,hard_fake_false_negative_risk,2.5,FaceForensics++
data_image_train\Fake\FF_fake_NeuralTextures_212_179_f4.jpg,1,0.4306884706020355,hard_fake_false_negative_risk,2.5,FaceForensics++
data_image_train\Fake\FF_fake_Deepfakes_909_857_f0.jpg,1,0.431427538394928,hard_fake_false_negative_risk,2.5,FaceForensics++
data_image_train\Fake\FF_fake_FaceSwap_764_850_f0.jpg,1,0.4315797686576843,hard_fake_false_negative_risk,2.5,FaceForensics++
data_image_train\Fake\FF_fake_NeuralTextures_873_872_f2.jpg,1,0.4316626787185669,hard_fake_false_negative_risk,2.5,FaceForensics++
data_image_train\Fake\FF_fake_Face2Face_160_928_f3.jpg,1,0.43213191628456116,hard_fake_false_negative_risk,2.5,FaceForensics++
data_image_train\Fake\FF_fake_FaceShifter_824_419_f0.jpg,1,0.4330313205718994,hard_fake_false_negative_risk,2.5,FaceForensics++
data_image_train\Fake\FF_fake_NeuralTextures_669_682_f1.jpg,1,0.433185338973999,hard_fake_false_negative_risk,2.5,FaceForensics++
data_image_train\Fake\FF_fake_FaceShifter_824_419_f2.jpg,1,0.4333842396736145,hard_fake_false_negative_risk,2.5,FaceForensics++
data_image_train\Fake\FF_fake_FaceSwap_085_124_f2.jpg,1,0.4335889518260956,hard_fake_false_negative_risk,2.5,FaceForensics++
data_image_train\Fake\FF_fake_FaceShifter_658_627_f0.jpg,1,0.43379539251327515,hard_fake_false_negative_risk,2.5,FaceForensics++
data_image_train\Fake\FF_fake_NeuralTextures_456_435_f3.jpg,1,0.4343421459197998,hard_fake_false_negative_risk,2.5,FaceForensics++
data_image_train\Fake\FF_fake_FaceShifter_931_936_f0.jpg,1,0.4346667230129242,hard_fake_false_negative_risk,2.5,FaceForensics++
data_image_train\Fake\FF_fake_FaceShifter_664_668_f3.jpg,1,0.4350564479827881,hard_fake_false_negative_risk,2.5,FaceForensics++
data_image_train\Fake\FF_fake_FaceShifter_210_241_f2.jpg,1,0.43525680899620056,hard_fake_false_negative_risk,2.5,FaceForensics++
data_image_train\Fake\FF_fake_FaceShifter_268_269_f4.jpg,1,0.43588903546333313,hard_fake_false_negative_risk,2.5,FaceForensics++
data_image_train\Fake\FF_fake_NeuralTextures_021_312_f3.jpg,1,0.4368578791618347,hard_fake_false_negative_risk,2.5,FaceForensics++
data_image_train\Fake\FF_fake_FaceShifter_884_968_f4.jpg,1,0.43776634335517883,hard_fake_false_negative_risk,2.5,FaceForensics++
data_image_train\Fake\FF_fake_FaceShifter_689_690_f1.jpg,1,0.4381786286830902,hard_fake_false_negative_risk,2.5,FaceForensics++
data_image_train\Fake\FF_fake_NeuralTextures_751_752_f2.jpg,1,0.43910276889801025,hard_fake_false_negative_risk,2.5,FaceForensics++
data_image_train\Fake\FF_fake_Deepfakes_194_235_f4.jpg,1,0.4395079016685486,hard_fake_false_negative_risk,2.5,FaceForensics++
data_image_train\Fake\FF_fake_NeuralTextures_841_639_f0.jpg,1,0.44054555892944336,hard_fake_false_negative_risk,2.5,FaceForensics++
data_image_train\Fake\FF_fake_FaceShifter_478_506_f3.jpg,1,0.44090864062309265,hard_fake_false_negative_risk,2.5,FaceForensics++
data_image_train\Fake\FF_fake_Face2Face_095_053_f0.jpg,1,0.44091561436653137,hard_fake_false_negative_risk,2.5,FaceForensics++
data_image_train\Fake\FF_fake_NeuralTextures_416_342_f1.jpg,1,0.4413851499557495,hard_fake_false_negative_risk,2.5,FaceForensics++
data_image_train\Fake\FF_fake_NeuralTextures_235_194_f0.jpg,1,0.44161325693130493,hard_fake_false_negative_risk,2.5,FaceForensics++
data_image_train\Fake\FF_fake_FaceShifter_200_189_f1.jpg,1,0.44204041361808777,hard_fake_false_negative_risk,2.5,FaceForensics++
data_image_train\Fake\FF_fake_NeuralTextures_679_665_f0.jpg,1,0.4422905743122101,hard_fake_false_negative_risk,2.5,FaceForensics++
data_image_train\Fake\FF_fake_FaceShifter_123_119_f3.jpg,1,0.4430690109729767,hard_fake_false_negative_risk,2.5,FaceForensics++
data_image_train\Fake\FF_fake_NeuralTextures_897_969_f2.jpg,1,0.4432953894138336,hard_fake_false_negative_risk,2.5,FaceForensics++
data_image_train\Fake\FF_fake_Face2Face_095_053_f2.jpg,1,0.4443332254886627,hard_fake_false_negative_risk,2.5,FaceForensics++
data_image_train\Fake\FF_fake_FaceSwap_214_255_f4.jpg,1,0.4446151852607727,hard_fake_false_negative_risk,2.5,FaceForensics++
data_image_train\Fake\FF_fake_FaceShifter_981_985_f4.jpg,1,0.445160835981369,hard_fake_false_negative_risk,2.5,FaceForensics++
data_image_train\Fake\FF_fake_FaceShifter_436_526_f1.jpg,1,0.4456431269645691,hard_fake_false_negative_risk,2.5,FaceForensics++
data_image_train\Fake\FF_fake_Deepfakes_909_857_f2.jpg,1,0.44628021121025085,hard_fake_false_negative_risk,2.5,FaceForensics++
data_image_train\Fake\FF_fake_FaceShifter_233_995_f2.jpg,1,0.4473767876625061,hard_fake_false_negative_risk,2.5,FaceForensics++
data_image_train\Fake\FF_fake_NeuralTextures_522_337_f1.jpg,1,0.44795262813568115,hard_fake_false_negative_risk,2.5,FaceForensics++
data_image_train\Fake\FF_fake_FaceShifter_332_051_f0.jpg,1,0.44795817136764526,hard_fake_false_negative_risk,2.5,FaceForensics++
data_image_train\Fake\FF_fake_NeuralTextures_770_791_f4.jpg,1,0.4480671286582947,hard_fake_false_negative_risk,2.5,FaceForensics++
data_image_train\Fake\FF_fake_NeuralTextures_472_511_f0.jpg,1,0.44845667481422424,hard_fake_false_negative_risk,2.5,FaceForensics++
data_image_train\Fake\FF_fake_FaceShifter_200_189_f3.jpg,1,0.44899776577949524,hard_fake_false_negative_risk,2.5,FaceForensics++
data_image_train\Fake\FF_fake_Deepfakes_492_325_f2.jpg,1,0.4497634768486023,hard_fake_false_negative_risk,2.5,FaceForensics++
data_image_train\Fake\FF_fake_Deepfakes_896_128_f3.jpg,1,0.44979146122932434,hard_fake_false_negative_risk,2.5,FaceForensics++
data_image_train\Fake\FF_fake_NeuralTextures_040_997_f4.jpg,1,0.4502055048942566,hard_fake_false_negative_risk,2.5,FaceForensics++
data_image_train\Fake\FF_fake_FaceShifter_664_668_f0.jpg,1,0.45031285285949707,hard_fake_false_negative_risk,2.5,FaceForensics++
data_image_train\Fake\FF_fake_Deepfakes_940_941_f2.jpg,1,0.45033740997314453,hard_fake_false_negative_risk,2.5,FaceForensics++
data_image_train\Fake\FF_fake_FaceShifter_023_923_f2.jpg,1,0.4506097137928009,hard_fake_false_negative_risk,2.5,FaceForensics++
data_image_train\Fake\FF_fake_NeuralTextures_198_106_f2.jpg,1,0.45069050788879395,hard_fake_false_negative_risk,2.5,FaceForensics++
data_image_train\Fake\FF_fake_FaceShifter_997_040_f2.jpg,1,0.45166856050491333,hard_fake_false_negative_risk,2.5,FaceForensics++
data_image_train\Fake\FF_fake_Face2Face_262_301_f0.jpg,1,0.45187726616859436,hard_fake_false_negative_risk,2.5,FaceForensics++
data_image_train\Fake\FF_fake_FaceShifter_867_765_f1.jpg,1,0.45212772488594055,hard_fake_false_negative_risk,2.5,FaceForensics++
data_image_train\Fake\FF_fake_NeuralTextures_267_286_f3.jpg,1,0.45214274525642395,hard_fake_false_negative_risk,2.5,FaceForensics++
data_image_train\Fake\FF_fake_NeuralTextures_003_000_f1.jpg,1,0.4521726369857788,hard_fake_false_negative_risk,2.5,FaceForensics++
data_image_train\Fake\FF_fake_FaceShifter_185_276_f4.jpg,1,0.45219969749450684,hard_fake_false_negative_risk,2.5,FaceForensics++
data_image_train\Fake\FF_fake_FaceSwap_830_828_f1.jpg,1,0.4529009461402893,hard_fake_false_negative_risk,2.5,FaceForensics++
data_image_train\Fake\FF_fake_NeuralTextures_740_796_f2.jpg,1,0.45308032631874084,hard_fake_false_negative_risk,2.5,FaceForensics++
data_image_train\Fake\FF_fake_FaceSwap_995_233_f4.jpg,1,0.45308634638786316,hard_fake_false_negative_risk,2.5,FaceForensics++
data_image_train\Fake\FF_fake_NeuralTextures_860_905_f1.jpg,1,0.4531494379043579,hard_fake_false_negative_risk,2.5,FaceForensics++
data_image_train\Fake\FF_fake_Deepfakes_123_119_f1.jpg,1,0.45343679189682007,hard_fake_false_negative_risk,2.5,FaceForensics++
data_image_train\Fake\FF_fake_NeuralTextures_852_834_f1.jpg,1,0.4540557861328125,hard_fake_false_negative_risk,2.5,FaceForensics++
data_image_train\Fake\FF_fake_NeuralTextures_100_077_f4.jpg,1,0.4542502164840698,hard_fake_false_negative_risk,2.5,FaceForensics++
data_image_train\Fake\FF_fake_Deepfakes_233_995_f1.jpg,1,0.45464906096458435,hard_fake_false_negative_risk,2.5,FaceForensics++
data_image_train\Fake\FF_fake_NeuralTextures_762_832_f1.jpg,1,0.4546918570995331,hard_fake_false_negative_risk,2.5,FaceForensics++
data_image_train\Fake\FF_fake_NeuralTextures_206_221_f1.jpg,1,0.4555407464504242,hard_fake_false_negative_risk,2.5,FaceForensics++
data_image_train\Fake\FF_fake_FaceSwap_186_170_f4.jpg,1,0.45612168312072754,hard_fake_false_negative_risk,2.5,FaceForensics++
data_image_train\Fake\FF_fake_FaceShifter_391_406_f1.jpg,1,0.4572099447250366,hard_fake_false_negative_risk,2.5,FaceForensics++
data_image_train\Fake\FF_fake_NeuralTextures_152_149_f1.jpg,1,0.4581645429134369,hard_fake_false_negative_risk,2.5,FaceForensics++
data_image_train\Fake\FF_fake_NeuralTextures_324_356_f3.jpg,1,0.4584420323371887,hard_fake_false_negative_risk,2.5,FaceForensics++
data_image_train\Fake\FF_fake_NeuralTextures_129_127_f2.jpg,1,0.4589172899723053,hard_fake_false_negative_risk,2.5,FaceForensics++
data_image_train\Fake\FF_fake_FaceShifter_833_826_f0.jpg,1,0.459456205368042,hard_fake_false_negative_risk,2.5,FaceForensics++
data_image_train\Fake\FF_fake_NeuralTextures_491_226_f3.jpg,1,0.460422545671463,hard_fake_false_negative_risk,2.5,FaceForensics++
data_image_train\Fake\FF_fake_FaceShifter_049_946_f2.jpg,1,0.4604266881942749,hard_fake_false_negative_risk,2.5,FaceForensics++
data_image_train\Fake\FF_fake_NeuralTextures_008_990_f3.jpg,1,0.461556077003479,hard_fake_false_negative_risk,2.5,FaceForensics++
data_image_train\Fake\FF_fake_NeuralTextures_522_337_f4.jpg,1,0.4626024067401886,hard_fake_false_negative_risk,2.5,FaceForensics++
data_image_train\Fake\FF_fake_Deepfakes_298_279_f4.jpg,1,0.46308138966560364,hard_fake_false_negative_risk,2.5,FaceForensics++
data_image_train\Fake\FF_fake_Deepfakes_909_857_f3.jpg,1,0.463810533285141,hard_fake_false_negative_risk,2.5,FaceForensics++
data_image_train\Fake\FF_fake_NeuralTextures_896_128_f4.jpg,1,0.46414151787757874,hard_fake_false_negative_risk,2.5,FaceForensics++
data_image_train\Fake\FF_fake_NeuralTextures_058_039_f2.jpg,1,0.4645795524120331,hard_fake_false_negative_risk,2.5,FaceForensics++
data_image_train\Fake\FF_fake_FaceShifter_655_444_f4.jpg,1,0.4648135006427765,hard_fake_false_negative_risk,2.5,FaceForensics++
data_image_train\Fake\FF_fake_NeuralTextures_302_323_f2.jpg,1,0.4649335443973541,hard_fake_false_negative_risk,2.5,FaceForensics++
data_image_train\Fake\FF_fake_NeuralTextures_423_421_f0.jpg,1,0.4651051163673401,hard_fake_false_negative_risk,2.5,FaceForensics++
data_image_train\Fake\FF_fake_FaceShifter_712_716_f1.jpg,1,0.46511563658714294,hard_fake_false_negative_risk,2.5,FaceForensics++
data_image_train\Fake\FF_fake_NeuralTextures_751_752_f1.jpg,1,0.46597257256507874,hard_fake_false_negative_risk,2.5,FaceForensics++
data_image_train\Fake\FF_fake_NeuralTextures_512_495_f4.jpg,1,0.46618524193763733,hard_fake_false_negative_risk,2.5,FaceForensics++
data_image_train\Fake\FF_fake_Deepfakes_175_159_f0.jpg,1,0.4664976894855499,hard_fake_false_negative_risk,2.5,FaceForensics++
data_image_train\Fake\FF_fake_FaceShifter_553_545_f0.jpg,1,0.4666255712509155,hard_fake_false_negative_risk,2.5,FaceForensics++
data_image_train\Fake\FF_fake_NeuralTextures_974_953_f3.jpg,1,0.4671597480773926,hard_fake_false_negative_risk,2.5,FaceForensics++
data_image_train\Fake\FF_fake_NeuralTextures_185_276_f4.jpg,1,0.4676586389541626,hard_fake_false_negative_risk,2.5,FaceForensics++
data_image_train\Fake\FF_fake_FaceShifter_091_116_f2.jpg,1,0.4677179753780365,hard_fake_false_negative_risk,2.5,FaceForensics++
data_image_train\Fake\FF_fake_FaceShifter_158_379_f0.jpg,1,0.4683111310005188,hard_fake_false_negative_risk,2.5,FaceForensics++
data_image_train\Fake\FF_fake_NeuralTextures_462_467_f0.jpg,1,0.46889278292655945,hard_fake_false_negative_risk,2.5,FaceForensics++
data_image_train\Fake\FF_fake_NeuralTextures_285_136_f0.jpg,1,0.4696525037288666,hard_fake_false_negative_risk,2.5,FaceForensics++
data_image_train\Fake\FF_fake_NeuralTextures_429_404_f3.jpg,1,0.46971750259399414,hard_fake_false_negative_risk,2.5,FaceForensics++
data_image_train\Fake\FF_fake_FaceShifter_764_850_f0.jpg,1,0.47021999955177307,hard_fake_false_negative_risk,2.5,FaceForensics++
data_image_train\Fake\FF_fake_FaceShifter_932_384_f2.jpg,1,0.4714011549949646,hard_fake_false_negative_risk,2.5,FaceForensics++
data_image_train\Fake\FF_fake_FaceShifter_655_444_f1.jpg,1,0.471852570772171,hard_fake_false_negative_risk,2.5,FaceForensics++
data_image_train\Fake\FF_fake_NeuralTextures_010_005_f2.jpg,1,0.47193872928619385,hard_fake_false_negative_risk,2.5,FaceForensics++
data_image_train\Fake\FF_fake_FaceSwap_010_005_f0.jpg,1,0.4726316034793854,hard_fake_false_negative_risk,2.5,FaceForensics++
data_image_train\Fake\FF_fake_Face2Face_319_352_f1.jpg,1,0.47296011447906494,hard_fake_false_negative_risk,2.5,FaceForensics++
data_image_train\Fake\FF_fake_NeuralTextures_893_913_f4.jpg,1,0.4729915261268616,hard_fake_false_negative_risk,2.5,FaceForensics++
data_image_train\Fake\FF_fake_NeuralTextures_376_381_f2.jpg,1,0.4731023609638214,hard_fake_false_negative_risk,2.5,FaceForensics++
data_image_train\Fake\FF_fake_FaceShifter_763_930_f1.jpg,1,0.4731041491031647,hard_fake_false_negative_risk,2.5,FaceForensics++
data_image_train\Fake\FF_fake_Face2Face_156_243_f3.jpg,1,0.47322267293930054,hard_fake_false_negative_risk,2.5,FaceForensics++
data_image_train\Fake\FF_fake_Deepfakes_631_551_f1.jpg,1,0.4737824499607086,hard_fake_false_negative_risk,2.5,FaceForensics++
data_image_train\Fake\FF_fake_NeuralTextures_808_829_f0.jpg,1,0.47379133105278015,hard_fake_false_negative_risk,2.5,FaceForensics++
data_image_train\Fake\FF_fake_NeuralTextures_857_909_f4.jpg,1,0.4745292365550995,hard_fake_false_negative_risk,2.5,FaceForensics++
data_image_train\Fake\FF_fake_FaceShifter_994_986_f0.jpg,1,0.4746338129043579,hard_fake_false_negative_risk,2.5,FaceForensics++
data_image_train\Fake\FF_fake_FaceShifter_254_261_f0.jpg,1,0.47465449571609497,hard_fake_false_negative_risk,2.5,FaceForensics++
data_image_train\Fake\FF_fake_NeuralTextures_558_583_f0.jpg,1,0.4749490022659302,hard_fake_false_negative_risk,2.5,FaceForensics++
data_image_train\Fake\FF_fake_Deepfakes_896_128_f4.jpg,1,0.47621411085128784,hard_fake_false_negative_risk,2.5,FaceForensics++
data_image_train\Fake\FF_fake_Face2Face_346_351_f2.jpg,1,0.47635555267333984,hard_fake_false_negative_risk,2.5,FaceForensics++
data_image_train\Fake\FF_fake_FaceShifter_407_374_f0.jpg,1,0.4767076373100281,hard_fake_false_negative_risk,2.5,FaceForensics++
data_image_train\Fake\FF_fake_FaceShifter_869_780_f2.jpg,1,0.476836234331131,hard_fake_false_negative_risk,2.5,FaceForensics++
data_image_train\Fake\FF_fake_Face2Face_133_148_f3.jpg,1,0.47695693373680115,hard_fake_false_negative_risk,2.5,FaceForensics++
data_image_train\Fake\FF_fake_NeuralTextures_911_910_f4.jpg,1,0.4775187373161316,hard_fake_false_negative_risk,2.5,FaceForensics++
data_image_train\Fake\FF_fake_NeuralTextures_427_637_f3.jpg,1,0.47767677903175354,hard_fake_false_negative_risk,2.5,FaceForensics++
data_image_train\Fake\FF_fake_FaceShifter_495_512_f2.jpg,1,0.47780629992485046,hard_fake_false_negative_risk,2.5,FaceForensics++
data_image_train\Fake\FF_fake_NeuralTextures_732_691_f2.jpg,1,0.477899432182312,hard_fake_false_negative_risk,2.5,FaceForensics++
data_image_train\Fake\FF_fake_NeuralTextures_712_716_f0.jpg,1,0.47822076082229614,hard_fake_false_negative_risk,2.5,FaceForensics++
data_image_train\Fake\FF_fake_NeuralTextures_682_669_f4.jpg,1,0.47908341884613037,hard_fake_false_negative_risk,2.5,FaceForensics++
data_image_train\Fake\FF_fake_NeuralTextures_267_286_f0.jpg,1,0.4791010320186615,hard_fake_false_negative_risk,2.5,FaceForensics++
data_image_train\Fake\FF_fake_NeuralTextures_794_779_f2.jpg,1,0.47936156392097473,hard_fake_false_negative_risk,2.5,FaceForensics++
data_image_train\Fake\FF_fake_NeuralTextures_194_235_f4.jpg,1,0.4794997274875641,hard_fake_false_negative_risk,2.5,FaceForensics++
data_image_train\Fake\FF_fake_NeuralTextures_054_071_f4.jpg,1,0.48047634959220886,hard_fake_false_negative_risk,2.5,FaceForensics++
data_image_train\Fake\FF_fake_NeuralTextures_281_474_f2.jpg,1,0.4809618592262268,hard_fake_false_negative_risk,2.5,FaceForensics++
data_image_train\Fake\FF_fake_FaceShifter_081_087_f4.jpg,1,0.481721967458725,hard_fake_false_negative_risk,2.5,FaceForensics++
data_image_train\Fake\FF_fake_NeuralTextures_809_799_f1.jpg,1,0.4824921190738678,hard_fake_false_negative_risk,2.5,FaceForensics++
data_image_train\Fake\FF_fake_NeuralTextures_903_792_f3.jpg,1,0.4825955033302307,hard_fake_false_negative_risk,2.5,FaceForensics++
data_image_train\Fake\FF_fake_Deepfakes_181_199_f2.jpg,1,0.48269978165626526,hard_fake_false_negative_risk,2.5,FaceForensics++
data_image_train\Fake\FF_fake_FaceShifter_457_398_f0.jpg,1,0.48295679688453674,hard_fake_false_negative_risk,2.5,FaceForensics++
data_image_train\Fake\FF_fake_Deepfakes_095_053_f3.jpg,1,0.4830862283706665,hard_fake_false_negative_risk,2.5,FaceForensics++
data_image_train\Fake\FF_fake_FaceShifter_268_269_f2.jpg,1,0.483136385679245,hard_fake_false_negative_risk,2.5,FaceForensics++
data_image_train\Fake\FF_fake_FaceShifter_471_455_f0.jpg,1,0.48408710956573486,hard_fake_false_negative_risk,2.5,FaceForensics++
data_image_train\Fake\FF_fake_NeuralTextures_004_982_f0.jpg,1,0.48438194394111633,hard_fake_false_negative_risk,2.5,FaceForensics++
data_image_train\Fake\FF_fake_NeuralTextures_407_374_f4.jpg,1,0.48439693450927734,hard_fake_false_negative_risk,2.5,FaceForensics++
data_image_train\Fake\FF_fake_NeuralTextures_491_226_f4.jpg,1,0.4847317039966583,hard_fake_false_negative_risk,2.5,FaceForensics++
data_image_train\Fake\FF_fake_NeuralTextures_763_930_f2.jpg,1,0.48503485321998596,hard_fake_false_negative_risk,2.5,FaceForensics++
data_image_train\Fake\FF_fake_Face2Face_004_982_f3.jpg,1,0.48523619771003723,hard_fake_false_negative_risk,2.5,FaceForensics++
data_image_train\Fake\FF_fake_NeuralTextures_367_371_f2.jpg,1,0.4853455722332001,hard_fake_false_negative_risk,2.5,FaceForensics++
data_image_train\Fake\FF_fake_FaceShifter_587_535_f3.jpg,1,0.4855673909187317,hard_fake_false_negative_risk,2.5,FaceForensics++
data_image_train\Fake\FF_fake_FaceShifter_134_192_f0.jpg,1,0.4858093559741974,hard_fake_false_negative_risk,2.5,FaceForensics++
data_image_train\Fake\FF_fake_NeuralTextures_491_226_f2.jpg,1,0.4858326315879822,hard_fake_false_negative_risk,2.5,FaceForensics++
data_image_train\Fake\FF_fake_NeuralTextures_794_779_f1.jpg,1,0.4864265024662018,hard_fake_false_negative_risk,2.5,FaceForensics++
data_image_train\Fake\FF_fake_Deepfakes_023_923_f4.jpg,1,0.4867441952228546,hard_fake_false_negative_risk,2.5,FaceForensics++
data_image_train\Fake\FF_fake_FaceSwap_911_910_f4.jpg,1,0.48729822039604187,hard_fake_false_negative_risk,2.5,FaceForensics++
data_image_train\Fake\FF_fake_NeuralTextures_372_413_f1.jpg,1,0.487397164106369,hard_fake_false_negative_risk,2.5,FaceForensics++
data_image_train\Fake\FF_fake_FaceShifter_102_114_f1.jpg,1,0.4878701865673065,hard_fake_false_negative_risk,2.5,FaceForensics++
data_image_train\Fake\FF_fake_NeuralTextures_923_023_f1.jpg,1,0.48790985345840454,hard_fake_false_negative_risk,2.5,FaceForensics++
data_image_train\Fake\FF_fake_Deepfakes_374_407_f4.jpg,1,0.4879186749458313,hard_fake_false_negative_risk,2.5,FaceForensics++
data_image_train\Fake\FF_fake_FaceShifter_058_039_f3.jpg,1,0.48884570598602295,hard_fake_false_negative_risk,2.5,FaceForensics++
data_image_train\Fake\FF_fake_NeuralTextures_648_654_f0.jpg,1,0.4892813265323639,hard_fake_false_negative_risk,2.5,FaceForensics++
data_image_train\Fake\FF_fake_NeuralTextures_174_964_f2.jpg,1,0.48936575651168823,hard_fake_false_negative_risk,2.5,FaceForensics++
data_image_train\Fake\FF_fake_Face2Face_914_899_f2.jpg,1,0.4895468056201935,hard_fake_false_negative_risk,2.5,FaceForensics++
data_image_train\Fake\FF_fake_FaceSwap_233_995_f0.jpg,1,0.4897945821285248,hard_fake_false_negative_risk,2.5,FaceForensics++
data_image_train\Fake\FF_fake_NeuralTextures_522_337_f3.jpg,1,0.4899296164512634,hard_fake_false_negative_risk,2.5,FaceForensics++
data_image_train\Fake\FF_fake_FaceShifter_345_259_f4.jpg,1,0.49035826325416565,hard_fake_false_negative_risk,2.5,FaceForensics++
data_image_train\Fake\FF_fake_FaceShifter_930_763_f3.jpg,1,0.49072155356407166,hard_fake_false_negative_risk,2.5,FaceForensics++
data_image_train\Fake\FF_fake_Deepfakes_298_279_f1.jpg,1,0.4908435642719269,hard_fake_false_negative_risk,2.5,FaceForensics++
data_image_train\Fake\FF_fake_FaceShifter_824_419_f1.jpg,1,0.4910541772842407,hard_fake_false_negative_risk,2.5,FaceForensics++
data_image_train\Fake\FF_fake_FaceSwap_403_497_f2.jpg,1,0.49116644263267517,hard_fake_false_negative_risk,2.5,FaceForensics++
data_image_train\Fake\FF_fake_FaceSwap_428_466_f2.jpg,1,0.4912870228290558,hard_fake_false_negative_risk,2.5,FaceForensics++
data_image_train\Fake\FF_fake_NeuralTextures_429_404_f4.jpg,1,0.4913118779659271,hard_fake_false_negative_risk,2.5,FaceForensics++
data_image_train\Fake\FF_fake_Face2Face_763_930_f1.jpg,1,0.4918120503425598,hard_fake_false_negative_risk,2.5,FaceForensics++
data_image_train\Fake\FF_fake_NeuralTextures_350_349_f2.jpg,1,0.49194565415382385,hard_fake_false_negative_risk,2.5,FaceForensics++
data_image_train\Fake\FF_fake_FaceShifter_642_635_f3.jpg,1,0.4920526444911957,hard_fake_false_negative_risk,2.5,FaceForensics++
data_image_train\Fake\FF_fake_NeuralTextures_166_167_f1.jpg,1,0.4924294650554657,hard_fake_false_negative_risk,2.5,FaceForensics++
data_image_train\Fake\FF_fake_Face2Face_160_928_f0.jpg,1,0.49263831973075867,hard_fake_false_negative_risk,2.5,FaceForensics++
data_image_train\Fake\FF_fake_Face2Face_147_055_f3.jpg,1,0.49319988489151,hard_fake_false_negative_risk,2.5,FaceForensics++
data_image_train\Fake\FF_fake_FaceShifter_968_884_f0.jpg,1,0.4937041401863098,hard_fake_false_negative_risk,2.5,FaceForensics++
data_image_train\Fake\FF_fake_NeuralTextures_180_105_f2.jpg,1,0.49402257800102234,hard_fake_false_negative_risk,2.5,FaceForensics++
data_image_train\Fake\FF_fake_NeuralTextures_100_077_f3.jpg,1,0.4941311776638031,hard_fake_false_negative_risk,2.5,FaceForensics++
data_image_train\Fake\FF_fake_NeuralTextures_846_845_f0.jpg,1,0.49420231580734253,hard_fake_false_negative_risk,2.5,FaceForensics++
data_image_train\Fake\FF_fake_FaceShifter_484_415_f3.jpg,1,0.49420779943466187,hard_fake_false_negative_risk,2.5,FaceForensics++
data_image_train\Fake\FF_fake_NeuralTextures_339_392_f2.jpg,1,0.4942358732223511,hard_fake_false_negative_risk,2.5,FaceForensics++
data_image_train\Fake\FF_fake_NeuralTextures_281_474_f0.jpg,1,0.4944336712360382,hard_fake_false_negative_risk,2.5,FaceForensics++
data_image_train\Fake\FF_fake_NeuralTextures_303_309_f4.jpg,1,0.4948315918445587,hard_fake_false_negative_risk,2.5,FaceForensics++
data_image_train\Fake\FF_fake_NeuralTextures_014_790_f1.jpg,1,0.4953921437263489,hard_fake_false_negative_risk,2.5,FaceForensics++
data_image_train\Fake\FF_fake_NeuralTextures_021_312_f0.jpg,1,0.4954689145088196,hard_fake_false_negative_risk,2.5,FaceForensics++
data_image_train\Fake\FF_fake_NeuralTextures_771_849_f4.jpg,1,0.49599894881248474,hard_fake_false_negative_risk,2.5,FaceForensics++
data_image_train\Fake\FF_fake_FaceShifter_427_637_f4.jpg,1,0.4963517189025879,hard_fake_false_negative_risk,2.5,FaceForensics++
data_image_train\Fake\FF_fake_Deepfakes_922_898_f4.jpg,1,0.4968472421169281,hard_fake_false_negative_risk,2.5,FaceForensics++
data_image_train\Fake\FF_fake_FaceShifter_178_598_f4.jpg,1,0.4970257580280304,hard_fake_false_negative_risk,2.5,FaceForensics++
data_image_train\Fake\FF_fake_FaceShifter_018_019_f0.jpg,1,0.49734294414520264,hard_fake_false_negative_risk,2.5,FaceForensics++
data_image_train\Fake\FF_fake_NeuralTextures_129_127_f3.jpg,1,0.497920960187912,hard_fake_false_negative_risk,2.5,FaceForensics++
data_image_train\Fake\FF_fake_NeuralTextures_060_088_f4.jpg,1,0.4979425370693207,hard_fake_false_negative_risk,2.5,FaceForensics++
data_image_train\Fake\FF_fake_NeuralTextures_166_167_f4.jpg,1,0.4987674355506897,hard_fake_false_negative_risk,2.5,FaceForensics++
data_image_train\Fake\FF_fake_NeuralTextures_137_165_f0.jpg,1,0.49926328659057617,hard_fake_false_negative_risk,2.5,FaceForensics++
data_image_train\Fake\FF_fake_NeuralTextures_339_392_f1.jpg,1,0.49935972690582275,hard_fake_false_negative_risk,2.5,FaceForensics++
data_image_train\Fake\FF_fake_NeuralTextures_192_134_f1.jpg,1,0.49972131848335266,hard_fake_false_negative_risk,2.5,FaceForensics++
data_image_train\Fake\FF_fake_FaceShifter_493_538_f3.jpg,1,0.4998777210712433,hard_fake_false_negative_risk,2.5,FaceForensics++
data_image_train\Real\Celeb-real_id20_0007.mp4_f1.jpg,0,0.5136907696723938,hard_real_false_positive_risk,1.7,Celeb-DF
data_image_train\Real\Celeb-real_id28_0006.mp4_f5.jpg,0,0.732418954372406,hard_real_false_positive_risk,1.7,Celeb-DF
data_image_train\Real\Celeb-real_id28_0006.mp4_f6.jpg,0,0.7369636297225952,hard_real_false_positive_risk,1.7,Celeb-DF
data_image_train\Real\Celeb-real_id28_0006.mp4_f7.jpg,0,0.7412554025650024,hard_real_false_positive_risk,1.7,Celeb-DF
data_image_train\Real\Celeb-real_id28_0006.mp4_f8.jpg,0,0.8124428391456604,hard_real_false_positive_risk,1.7,Celeb-DF
data_image_train\Real\Celeb-real_id28_0006.mp4_f0.jpg,0,0.8245431184768677,hard_real_false_positive_risk,1.7,Celeb-DF
data_dfdc_test\ciyoudyhly_f4.jpg,0,0.5100184679031372,hard_real_false_positive_risk,1.7,DFDC
data_dfdc_test\ciyoudyhly_f1.jpg,0,0.7456520795822144,hard_real_false_positive_risk,1.7,DFDC
data_dfdc_test\ciyoudyhly_f3.jpg,0,0.832956075668335,hard_real_false_positive_risk,1.7,DFDC
data_dfdc_test\eudeqjhdfd_f0.jpg,0,0.9044283032417297,hard_real_false_positive_risk,1.7,DFDC
data_dfdc_test\atvmxvwyns_f0.jpg,0,0.9516977071762085,hard_real_false_positive_risk,1.7,DFDC
data_image_train\Real\FF_real_313_f0.jpg,0,0.5032831430435181,hard_real_false_positive_risk,1.7,FaceForensics++
data_image_train\Real\FF_real_922_f1.jpg,0,0.5038633346557617,hard_real_false_positive_risk,1.7,FaceForensics++
data_image_train\Real\FF_real_543_f1.jpg,0,0.5044690370559692,hard_real_false_positive_risk,1.7,FaceForensics++
data_image_train\Real\FF_real_644_f2.jpg,0,0.5047972202301025,hard_real_false_positive_risk,1.7,FaceForensics++
data_image_train\Real\FF_real_109_f2.jpg,0,0.5048706531524658,hard_real_false_positive_risk,1.7,FaceForensics++
data_image_train\Real\FF_real_380_f0.jpg,0,0.504878044128418,hard_real_false_positive_risk,1.7,FaceForensics++
data_image_train\Real\FF_real_699_f2.jpg,0,0.505079984664917,hard_real_false_positive_risk,1.7,FaceForensics++
data_image_train\Real\FF_real_650_f3.jpg,0,0.5065156817436218,hard_real_false_positive_risk,1.7,FaceForensics++
data_image_train\Real\FF_real_969_f0.jpg,0,0.5065413117408752,hard_real_false_positive_risk,1.7,FaceForensics++
data_image_train\Real\FF_real_298_f2.jpg,0,0.5070862174034119,hard_real_false_positive_risk,1.7,FaceForensics++
data_image_train\Real\FF_real_241_f1.jpg,0,0.5094206929206848,hard_real_false_positive_risk,1.7,FaceForensics++
data_image_train\Real\FF_real_872_f3.jpg,0,0.5164204239845276,hard_real_false_positive_risk,1.7,FaceForensics++
data_image_train\Real\FF_real_656_f0.jpg,0,0.5179476737976074,hard_real_false_positive_risk,1.7,FaceForensics++
data_image_train\Real\FF_real_765_f2.jpg,0,0.5181858539581299,hard_real_false_positive_risk,1.7,FaceForensics++
data_image_train\Real\FF_real_922_f3.jpg,0,0.5189728736877441,hard_real_false_positive_risk,1.7,FaceForensics++
data_image_train\Real\FF_real_858_f4.jpg,0,0.5213577747344971,hard_real_false_positive_risk,1.7,FaceForensics++
data_image_train\Real\FF_real_503_f4.jpg,0,0.5246322154998779,hard_real_false_positive_risk,1.7,FaceForensics++
data_image_train\Real\FF_real_483_f2.jpg,0,0.5266855955123901,hard_real_false_positive_risk,1.7,FaceForensics++
data_image_train\Real\FF_real_462_f1.jpg,0,0.527299702167511,hard_real_false_positive_risk,1.7,FaceForensics++
data_image_train\Real\FF_real_699_f1.jpg,0,0.5277509689331055,hard_real_false_positive_risk,1.7,FaceForensics++
data_image_train\Real\FF_real_077_f0.jpg,0,0.527874231338501,hard_real_false_positive_risk,1.7,FaceForensics++
data_image_train\Real\FF_real_797_f3.jpg,0,0.5286102890968323,hard_real_false_positive_risk,1.7,FaceForensics++
data_image_train\Real\FF_real_306_f2.jpg,0,0.5337416529655457,hard_real_false_positive_risk,1.7,FaceForensics++
data_image_train\Real\FF_real_028_f2.jpg,0,0.5339788794517517,hard_real_false_positive_risk,1.7,FaceForensics++
data_image_train\Real\FF_real_869_f1.jpg,0,0.5347914099693298,hard_real_false_positive_risk,1.7,FaceForensics++
data_image_train\Real\FF_real_985_f3.jpg,0,0.5355902910232544,hard_real_false_positive_risk,1.7,FaceForensics++
data_image_train\Real\FF_real_598_f2.jpg,0,0.5363819599151611,hard_real_false_positive_risk,1.7,FaceForensics++
data_image_train\Real\FF_real_252_f1.jpg,0,0.5374227166175842,hard_real_false_positive_risk,1.7,FaceForensics++
data_image_train\Real\FF_real_981_f1.jpg,0,0.5393832921981812,hard_real_false_positive_risk,1.7,FaceForensics++
data_image_train\Real\FF_real_131_f4.jpg,0,0.5422149896621704,hard_real_false_positive_risk,1.7,FaceForensics++
data_image_train\Real\FF_real_955_f0.jpg,0,0.5423438549041748,hard_real_false_positive_risk,1.7,FaceForensics++
data_image_train\Real\FF_real_050_f3.jpg,0,0.542877733707428,hard_real_false_positive_risk,1.7,FaceForensics++
data_image_train\Real\FF_real_922_f2.jpg,0,0.5501682758331299,hard_real_false_positive_risk,1.7,FaceForensics++
data_image_train\Real\FF_real_576_f3.jpg,0,0.5502567291259766,hard_real_false_positive_risk,1.7,FaceForensics++
data_image_train\Real\FF_real_515_f3.jpg,0,0.5524333715438843,hard_real_false_positive_risk,1.7,FaceForensics++
data_image_train\Real\FF_real_081_f2.jpg,0,0.5525851845741272,hard_real_false_positive_risk,1.7,FaceForensics++
data_image_train\Real\FF_real_199_f4.jpg,0,0.5527920126914978,hard_real_false_positive_risk,1.7,FaceForensics++
data_image_train\Real\FF_real_731_f2.jpg,0,0.5547464489936829,hard_real_false_positive_risk,1.7,FaceForensics++
data_image_train\Real\FF_real_350_f4.jpg,0,0.5548261404037476,hard_real_false_positive_risk,1.7,FaceForensics++
data_image_train\Real\FF_real_567_f1.jpg,0,0.5561512112617493,hard_real_false_positive_risk,1.7,FaceForensics++
data_image_train\Real\FF_real_741_f2.jpg,0,0.5566301345825195,hard_real_false_positive_risk,1.7,FaceForensics++
data_image_train\Real\FF_real_095_f3.jpg,0,0.5576757192611694,hard_real_false_positive_risk,1.7,FaceForensics++
data_image_train\Real\FF_real_221_f0.jpg,0,0.5578746795654297,hard_real_false_positive_risk,1.7,FaceForensics++
data_image_train\Real\FF_real_511_f0.jpg,0,0.5590763688087463,hard_real_false_positive_risk,1.7,FaceForensics++
data_image_train\Real\FF_real_021_f1.jpg,0,0.5609682202339172,hard_real_false_positive_risk,1.7,FaceForensics++
data_image_train\Real\FF_real_464_f0.jpg,0,0.5610173344612122,hard_real_false_positive_risk,1.7,FaceForensics++
data_image_train\Real\FF_real_072_f4.jpg,0,0.5628035068511963,hard_real_false_positive_risk,1.7,FaceForensics++
data_image_train\Real\FF_real_969_f4.jpg,0,0.5631502270698547,hard_real_false_positive_risk,1.7,FaceForensics++
data_image_train\Real\FF_real_298_f0.jpg,0,0.5634523630142212,hard_real_false_positive_risk,1.7,FaceForensics++
data_image_train\Real\FF_real_721_f0.jpg,0,0.5645004510879517,hard_real_false_positive_risk,1.7,FaceForensics++
data_image_train\Real\FF_real_723_f2.jpg,0,0.5663955807685852,hard_real_false_positive_risk,1.7,FaceForensics++
data_image_train\Real\FF_real_072_f2.jpg,0,0.5710590481758118,hard_real_false_positive_risk,1.7,FaceForensics++
data_image_train\Real\FF_real_522_f3.jpg,0,0.571773111820221,hard_real_false_positive_risk,1.7,FaceForensics++
data_image_train\Real\FF_real_495_f4.jpg,0,0.5723249316215515,hard_real_false_positive_risk,1.7,FaceForensics++
data_image_train\Real\FF_real_053_f4.jpg,0,0.5736415386199951,hard_real_false_positive_risk,1.7,FaceForensics++
data_image_train\Real\FF_real_535_f3.jpg,0,0.576278805732727,hard_real_false_positive_risk,1.7,FaceForensics++
data_image_train\Real\FF_real_252_f4.jpg,0,0.5884820222854614,hard_real_false_positive_risk,1.7,FaceForensics++
data_image_train\Real\FF_real_091_f2.jpg,0,0.5902929902076721,hard_real_false_positive_risk,1.7,FaceForensics++
data_image_train\Real\FF_real_250_f1.jpg,0,0.5906559228897095,hard_real_false_positive_risk,1.7,FaceForensics++
data_image_train\Real\FF_real_313_f3.jpg,0,0.595491886138916,hard_real_false_positive_risk,1.7,FaceForensics++
data_image_train\Real\FF_real_861_f0.jpg,0,0.596025288105011,hard_real_false_positive_risk,1.7,FaceForensics++
data_image_train\Real\FF_real_131_f1.jpg,0,0.5964746475219727,hard_real_false_positive_risk,1.7,FaceForensics++
data_image_train\Real\FF_real_869_f0.jpg,0,0.5967506766319275,hard_real_false_positive_risk,1.7,FaceForensics++
data_image_train\Real\FF_real_345_f2.jpg,0,0.5978423357009888,hard_real_false_positive_risk,1.7,FaceForensics++
data_image_train\Real\FF_real_405_f3.jpg,0,0.6031039357185364,hard_real_false_positive_risk,1.7,FaceForensics++
data_image_train\Real\FF_real_597_f2.jpg,0,0.6074362397193909,hard_real_false_positive_risk,1.7,FaceForensics++
data_image_train\Real\FF_real_332_f2.jpg,0,0.6120757460594177,hard_real_false_positive_risk,1.7,FaceForensics++
data_image_train\Real\FF_real_252_f2.jpg,0,0.6125768423080444,hard_real_false_positive_risk,1.7,FaceForensics++
data_image_train\Real\FF_real_180_f3.jpg,0,0.6166024804115295,hard_real_false_positive_risk,1.7,FaceForensics++
data_image_train\Real\FF_real_250_f0.jpg,0,0.6176653504371643,hard_real_false_positive_risk,1.7,FaceForensics++
data_image_train\Real\FF_real_909_f0.jpg,0,0.6209459900856018,hard_real_false_positive_risk,1.7,FaceForensics++
data_image_train\Real\FF_real_257_f1.jpg,0,0.6229525804519653,hard_real_false_positive_risk,1.7,FaceForensics++
data_image_train\Real\FF_real_333_f3.jpg,0,0.6240900754928589,hard_real_false_positive_risk,1.7,FaceForensics++
data_image_train\Real\FF_real_257_f2.jpg,0,0.62839275598526,hard_real_false_positive_risk,1.7,FaceForensics++
data_image_train\Real\FF_real_598_f4.jpg,0,0.6291244029998779,hard_real_false_positive_risk,1.7,FaceForensics++
data_image_train\Real\FF_real_915_f3.jpg,0,0.6302932500839233,hard_real_false_positive_risk,1.7,FaceForensics++
data_image_train\Real\FF_real_598_f0.jpg,0,0.6323413848876953,hard_real_false_positive_risk,1.7,FaceForensics++
data_image_train\Real\FF_real_670_f2.jpg,0,0.6330403685569763,hard_real_false_positive_risk,1.7,FaceForensics++
data_image_train\Real\FF_real_095_f4.jpg,0,0.6342079639434814,hard_real_false_positive_risk,1.7,FaceForensics++
data_image_train\Real\FF_real_872_f4.jpg,0,0.637472927570343,hard_real_false_positive_risk,1.7,FaceForensics++
data_image_train\Real\FF_real_345_f3.jpg,0,0.6374788284301758,hard_real_false_positive_risk,1.7,FaceForensics++
data_image_train\Real\FF_real_636_f1.jpg,0,0.6390979290008545,hard_real_false_positive_risk,1.7,FaceForensics++
data_image_train\Real\FF_real_374_f3.jpg,0,0.6713289022445679,hard_real_false_positive_risk,1.7,FaceForensics++
data_image_train\Real\FF_real_839_f3.jpg,0,0.6713479161262512,hard_real_false_positive_risk,1.7,FaceForensics++
data_image_train\Real\FF_real_650_f2.jpg,0,0.6783753633499146,hard_real_false_positive_risk,1.7,FaceForensics++
data_image_train\Real\FF_real_981_f2.jpg,0,0.6813350319862366,hard_real_false_positive_risk,1.7,FaceForensics++
data_image_train\Real\FF_real_981_f3.jpg,0,0.6855154633522034,hard_real_false_positive_risk,1.7,FaceForensics++
data_image_train\Real\FF_real_625_f1.jpg,0,0.6888150572776794,hard_real_false_positive_risk,1.7,FaceForensics++
data_image_train\Real\FF_real_559_f0.jpg,0,0.6911836862564087,hard_real_false_positive_risk,1.7,FaceForensics++
data_image_train\Real\FF_real_741_f0.jpg,0,0.6922134160995483,hard_real_false_positive_risk,1.7,FaceForensics++
data_image_train\Real\FF_real_930_f3.jpg,0,0.6926141977310181,hard_real_false_positive_risk,1.7,FaceForensics++
data_image_train\Real\FF_real_087_f1.jpg,0,0.6974024176597595,hard_real_false_positive_risk,1.7,FaceForensics++
data_image_train\Real\FF_real_028_f3.jpg,0,0.698955237865448,hard_real_false_positive_risk,1.7,FaceForensics++
data_image_train\Real\FF_real_024_f2.jpg,0,0.7170706987380981,hard_real_false_positive_risk,1.7,FaceForensics++
data_image_train\Real\FF_real_313_f4.jpg,0,0.7202824950218201,hard_real_false_positive_risk,1.7,FaceForensics++
data_image_train\Real\FF_real_862_f1.jpg,0,0.7203165888786316,hard_real_false_positive_risk,1.7,FaceForensics++
data_image_train\Real\FF_real_210_f3.jpg,0,0.7302255034446716,hard_real_false_positive_risk,1.7,FaceForensics++
data_image_train\Real\FF_real_423_f0.jpg,0,0.7317028045654297,hard_real_false_positive_risk,1.7,FaceForensics++
data_image_train\Real\FF_real_257_f3.jpg,0,0.7474508285522461,hard_real_false_positive_risk,1.7,FaceForensics++
data_image_train\Real\FF_real_741_f4.jpg,0,0.7701077461242676,hard_real_false_positive_risk,1.7,FaceForensics++
data_image_train\Real\FF_real_210_f0.jpg,0,0.7754269242286682,hard_real_false_positive_risk,1.7,FaceForensics++
data_image_train\Real\FF_real_734_f4.jpg,0,0.7831764817237854,hard_real_false_positive_risk,1.7,FaceForensics++
data_image_train\Real\FF_real_318_f4.jpg,0,0.7868785262107849,hard_real_false_positive_risk,1.7,FaceForensics++
data_image_train\Real\FF_real_210_f1.jpg,0,0.7887071967124939,hard_real_false_positive_risk,1.7,FaceForensics++
data_image_train\Real\FF_real_374_f0.jpg,0,0.7908610105514526,hard_real_false_positive_risk,1.7,FaceForensics++
data_image_train\Real\FF_real_103_f0.jpg,0,0.7935243844985962,hard_real_false_positive_risk,1.7,FaceForensics++
data_image_train\Real\FF_real_221_f2.jpg,0,0.7936340570449829,hard_real_false_positive_risk,1.7,FaceForensics++
data_image_train\Real\FF_real_734_f3.jpg,0,0.7991790175437927,hard_real_false_positive_risk,1.7,FaceForensics++
data_image_train\Real\FF_real_298_f1.jpg,0,0.8000293970108032,hard_real_false_positive_risk,1.7,FaceForensics++
data_image_train\Real\FF_real_210_f2.jpg,0,0.8351498246192932,hard_real_false_positive_risk,1.7,FaceForensics++
data_image_train\Real\FF_real_390_f3.jpg,0,0.8540114760398865,hard_real_false_positive_risk,1.7,FaceForensics++
data_image_train\Real\FF_real_734_f2.jpg,0,0.8697802424430847,hard_real_false_positive_risk,1.7,FaceForensics++
data_image_train\Real\FF_real_390_f1.jpg,0,0.8745271563529968,hard_real_false_positive_risk,1.7,FaceForensics++
data_image_train\Real\FF_real_734_f1.jpg,0,0.9077064394950867,hard_real_false_positive_risk,1.7,FaceForensics++
data_image_train\Real\FF_real_390_f2.jpg,0,0.9441569447517395,hard_real_false_positive_risk,1.7,FaceForensics++
